{"24HYU889":1.3875801749740309,"24VFO108":17.235986986077,"61NFC337":0.0035806180322170268,"64MKA149":0.0,"IDY 352 ":0.021610990357596436,"84HFE988":6.358927479170444,"65EAT627":0.0,"29FFS028":0.0001514801269769669,"64APQ369":0.0,"RBP 560 ":18.838892278576077,"ERL 051 ":67.00279819583933,"89ZBS792":4.255084238044206,"07GVN766":2.417504281406657,"29MUZ087":0.0007440393094732427,"29UZS392":0.0014443144773691897,"80UDV041":5.582769517093878,"24PCT155":0.0,"03XQF811":0.557643787290416,"07EAW028":0.0,"04QVQ453":0.35214493572623137,"67OTL481":0.0000014650346338748933,"28UVG927":0.0,"68CUA800":0.000026912899654358616,"00HXE283":0.0,"21LTZ994":0.00005471789881400765,"27ZKL766":0.00004235043156752362,"46VAU284":6.15198261386497,"47TJP503":0.03792869906042137,"42TMJ555":5.240980203566628,"61NSY322":1.3221152053995449,"24GJF895":0.00004853398195328189,"26EYZ973":0.0002954539800435304,"02FUJ332":0.00003165421434491873,"04HPD144":0.0,"29NND521":0.0,"47YGK068":0.0,"25QBX422":12.870510093554245,"UEV 347 ":5.061095976701173,"63ILI456":0.0015882095168139788,"42BXI072":0.0,"60XHF137":0.7885120880674301,"40XKA836":0.1317023966890276,"48PMJ297":5.037274394968851,"00BUC112":0.0000044650648010429,"69KMR716":0.0,"69XXL094":0.0,"42GFQ465":0.0,"46STZ848":0.0,"83TWL938":0.0,"65TCD065":4.841906762580673,"21OLZ830":0.0,"80EBI486":0.0,"82LIA644":0.000009010989099740982,"46RBF306":13.059440529824152,"68WYR469":0.0,"24GLO624":0.0,"81IPD160":15.209171560718648,"05NKG699":7.665288211599579,"67VPM998":0.00001790017993887886,"02AZG820":0.0,"MBC 772 ":0.000009179598391056065,"05MHC266":12.601942683636276,"05YEV254":1.640154593488537,"45VLY533":0.0,"88EHP923":0.0,"40QCN557":0.9731015173418066,"80VBW334":0.3717479501743854,"29FAY076":20.32059737780143,"40LFM142":0.0,"87GVM752":0.0,"26INF789":9.662231981601677,"21JEH457":0.10427276510246464,"69DUE957":5.489353183398038,"21NUX998":0.0,"04LPO593":0.0,"87CGR110":0.0,"42ABX712":0.0,"86WTW139":7.5629108334647638,"82BYN976":2.059231204735369,"47OLN776":0.00009066397929377857,"09ZDD089":0.5254120420698185,"CVS 595 ":27.275893584415944,"22SYI938":0.01358223188781738,"01GWX254":0.4354411813627819,"47ZOG369":2.9678054358061525,"05ROR098":0.00009864837619196623,"06IEM535":1.457100146463909,"89NOV481":0.0003733894418086857,"49ONT010":182.80545393742455,"44TOQ427":0.0,"46HZC110":0.0,"80MTR274":0.0,"88YVK499":0.0,"41JVG220":0.00000626117750722915,"60YAI524":0.0,"09WXO066":3.732895526050484,"87XPJ020":0.0,"63TUD535":0.0,"UJZ 746 ":0.5305761234046899,"85UBL774":0.0,"WRP 133 ":47.83925641252106,"02PTG194":0.0,"28JQB958":0.0,"00WOC539":0.0,"26TCU392":0.000044677070081233977,"02IYN068":0.0,"87LVM014":0.0,"89EDT052":11.29424350976062,"28FBD306":0.0,"WUV 337 ":0.08093239493865515,"28JYO899":0.0,"81XQJ464":0.00004152248471975325,"XLZ 213 ":24.713327442546217,"43KIH384":0.0,"49CEP065":0.0,"67VZK056":0.000009476201355457304,"XOC 744 ":13.446401999316893,"40BDA971":0.00007230858781747518,"87HRF181":0.0014756014202982184,"47NMD322":0.0,"22LKQ258":0.006903214388561434,"84NCT551":0.0,"20VEM860":0.0,"61IYJ659":0.0,"82QGX130":0.01541158088678308,"85AWQ629":0.0,"47IXZ142":0.0008150381931737067,"83IZU385":0.00003026271159388124,"86CQP826":0.3513564961205266,"80VLY859":1.11141121809795,"82ANO081":0.0,"20BEB545":2.3833680133266865,"24BPH109":0.0,"67FCG169":0.0010100374153106185,"04XQN580":0.0,"40VKR111":0.000008790211088955402,"01TUZ884":0.000002132873475551605,"82AOG343":0.3043887944628712,"46GZF179":0.0,"07TJQ617":0.0,"27NYD617":0.0,"41XEV608":0.0,"80VVW917":5.024017750262692,"45SLS720":0.00002696451383829117,"05ARG641":0.0001228689856845886,"22QKN095":0.0,"04ZHK062":0.0,"06JXV895":1.8251692007551559,"89YWW907":0.00001688312201946974,"62TST655":0.0,"67BIL267":1.5750889664449679,"WRA 059 ":0.000015840165976434946,"84DKX804":0.00003034100854396821,"44OJR860":0.00001502067302260548,"06QMF718":0.0,"69KFY823":8.589724224907217,"23HHE426":0.8571271418787367,"27RFK769":4.495739408105643,"21KOO218":8.961998932063579e-7,"65HOU212":0.0,"89IXZ279":0.0,"08XBN291":0.00108712740421218,"85PQV735":0.0,"MIT 725 ":25.723262063231969,"87WDQ016":0.0,"89IGK412":0.00001823944106698037,"85NDG143":0.0,"62FBY314":0.0,"45ESY964":0.0,"80EUL136":0.24592709035617656,"26CMH985":0.0,"48YIH133":0.0,"09LSU663":0.0,"41OHF282":5.0940027875763749,"42ZJI324":0.0,"69ARH567":0.0,"44KRJ050":0.4059542734871564,"60BEM951":0.00005724358632043005,"07IBJ810":0.000042796280577778829,"80EKP118":0.0,"60GJU856":0.0,"07IVK560":0.0,"61VKX333":0.0,"85RME756":2.418302260795665,"08LDB344":0.0,"83JKT472":0.0,"HUY 926 ":1.7339882622256633,"87MND120":0.0,"46BKC621":14.90481981218379,"47JET087":0.0,"01OQE004":34.23853683817055,"21BFP365":0.0,"60XBC014":0.5723780748303443,"83NZA799":0.0,"81NBO991":11.870908408185036,"04FYC395":10.61245373729836,"22DVH449":0.0,"61TOJ809":0.0,"23DNJ722":0.0,"05GTZ374":0.0,"61VBM609":8.000144926051524,"42OAG496":0.00010032552263885738,"47QSW242":6.182479086517622,"28EDF119":6.483106561619861,"61FEF612":0.0,"23LLF886":0.0,"04LOB313":0.0,"40CXJ259":1.7087422056208453,"00IHE341":0.00004591068852692842,"88IMR844":0.000030335065495222809,"01WUI292":0.0,"69COQ648":2.108492992047487,"64SOQ028":0.2893128975099114,"43VHN562":3.013797386779812,"45KNT961":0.0,"46YDS841":0.1304187536368054,"63PUP188":0.0,"08CJZ064":0.0,"00NBR271":0.0013993609172143042,"62JHU231":0.0,"84IZY699":0.0,"46BIR548":0.0,"20YNB497":10.638011240036656,"00FXS907":4.053190992940676,"63HHD311":0.0,"88QHG895":0.0,"47FBY797":0.5876365351519173,"07ZCO520":0.0,"80QWO664":0.5341645834987443,"UHK 898 ":55.32640676960164,"80YZT448":0.0,"40DGE004":7.432319970642423,"48HHL004":6.29798543661239,"46EYF084":1.1307546607719848,"07HXI323":10.359779162427289,"09PMN083":0.0,"80IBY633":0.0,"43VUE340":0.0,"68ZRN809":0.03362569060793706,"07ZAA540":0.8410640458829023,"67UQC344":0.0,"67XUA909":25.45664570930899,"09WPH598":0.0,"48ZCW260":15.54297350235313,"04WGD582":5.274720601120299,"05GXK622":1.2987327932525593,"TQX 635 ":62.97989710157097,"01UCX476":0.0,"67ZLN940":0.0,"03HXE991":0.000008774658160284165,"63UXV940":9.328828203426884,"NHD 940 ":0.474350751197546,"07EKT242":0.005792665017482824,"01MJV498":0.0,"68GWB270":0.00017283096932619804,"89AJZ360":0.0,"23PVS040":0.0,"68ZHM277":0.0,"04MOE570":0.0,"43GLP495":15.902280218861522,"65ABF460":16.94533164083268,"68SGY566":0.0,"67EYC631":0.001296309791915584,"05ESV601":0.0,"83TVY957":0.000024765033242292706,"60NQU684":0.000001521646186709404,"ANK 925 ":0.6561071568040255,"22GYX743":0.00008587842821516097,"45INB917":0.026067726521361618,"86XRZ931":0.0,"40VJF245":0.000040118084706366068,"44GSM549":0.04170877001617848,"GGV 398 ":0.09494949255096257,"49QVW437":0.0,"29RXX644":0.000006674415685236455,"60SSE960":0.0,"62WLR354":11.198775945210113,"01DXZ787":0.0,"25OZP986":0.022304836366921656,"45FNQ008":0.0,"63CZC562":0.0003717817194163798,"CEA 678 ":20.757754321178518,"45LJU348":0.0,"84EGM339":0.0,"47XLT255":0.0,"XTL 542 ":5.799384807089698,"64OPT506":0.0,"67YOJ420":0.0,"20WXR931":8.287422888107777,"60RHE875":5.341578946806857,"86GPG796":13.966183059049936,"07PTV671":4.9109587663471629,"23DSU055":9.804387691716065,"83XUD798":0.0,"43SGA582":0.728003787897464,"61UME476":0.0,"42RXV080":0.0,"62VJJ316":0.000007157212927937506,"29ZZJ816":0.0,"80WHI542":0.007371416752215475,"86UTQ067":0.0,"68PQK558":0.0,"45SDP344":0.0,"45JBE930":0.035028440119182466,"48EPW416":4.13790985027854,"86ZQG518":0.0,"62NCX204":0.0,"20JVE419":0.0,"60VTF699":0.0,"68XWZ575":0.0015024829666055746,"68MPM026":5.28170787085422,"88EVY447":0.0,"63WGA616":0.0,"86NUF744":6.37138183709149,"00MAC848":0.00012571544014289976,"48QJC031":0.0,"63WYL048":0.0,"80WBF420":0.0,"86KJB498":0.00001883780088555068,"41UOJ109":13.141059548833953,"09RIF140":0.0001025450390065089,"49SGP942":0.0,"43HOP757":0.024884321677453817,"82YSX394":0.0,"09DWY509":0.0,"22UWM969":0.0,"SSZ 463 ":0.0006492393270273279,"87DEK487":0.000011720124439336361,"29UCW209":6.469738661600037,"65XQU644":7.101401669682377,"06PBI978":8.288067474746392,"65ZES091":0.0,"XLE 226 ":0.16181734488759653,