{"04NQR393":0.9259875138881052,"22IUC792":0.40684930979329,"64VYF276":2.0788899412424,"64JUN748":6.4544282403631,"25KOI345":1.0569388538744,"47BJG623":0.3329367157924,"48CVS690":1.0740632193759,"86FZI432":0.00014396635276079,"00KSY785":0.064050100709025,"49BTB017":4.0775668566303,"24WUM117":0.48778705922804,"41MGL223":1.6734922967454,"27PQY682":3.2793183886727,"82MNL356":0.000006530897306744,"81NJV898":0.063860037297611,"06SAD065":5.0233990619552,"63WQV090":0.05365776338169,"02UDE356":0.76239418054892,"85FVO051":1.865959914747279,"89WHG913":2.1706582504948,"66MJE338":3.4378878743233,"SWO 046 ":3.2523617147416159,"46IET190":9.5551144163415,"65GIQ763":0.035142317203628,"20JVH294":10.540156548646673,"NIW 691 ":2.868082665895489,"62MNM082":0.022165180975931,"82GNO322":3.7686930397321,"06TCS254":0.000031713859319687,"84JDF593":0.6691107157822397,"67MOS216":0.28891226200801,"82UAW773":0.12038764730288,"08OSU548":0.293325517929,"43CAO091":0.00018231167019904,"85BDV951":0.19665231880841,"49EDF681":0.000070483984446153,"25ZUL210":0.9434559845905054,"41VAO500":0.12176999210892,"23VGH239":8.7832264852076,"02QOD433":0.31998585070825,"66RFE698":0.3657973593657351,"23GDT218":5.354162790173926,"01OUW021":3.7835023462544035,"41KJE230":0.61119935858336,"06WTR163":2.4011821101474,"41DXS174":1.00539910172,"81TBF852":2.8511558054398637,"43PNO067":0.00004454804941266775,"65LPE438":0.9893956346225155,"41ZDE583":3.9267785959274,"83HFD459":0.045603061362759,"41NMT861":0.604759774357725,"47DMT070":5.7616360111394,"43SJG353":0.45744160647092,"63BQW233":0.2904267732868415,"45DGQ957":0.33526557555631,"48WSL962":0.039168035390753,"05JDL507":0.22982859214765,"69XBT559":1.4075856226031,"68ITM758":0.015771395800006,"43BYU790":2.4582465656908,"44JSA965":0.2523112824904,"00COU395":0.10892683912522,"65EJD052":5.8215095611366,"04VJA251":1.441060768019,"03GVB463":13.393064591758194,"62IKT920":0.23672441436937,"80MIL779":0.0,"67WNS782":0.16196673566605,"89VLS941":0.32455961711724,"23YHP006":0.02208539025761,"61XQH803":1.4967993035177,"26QPO257":0.2869574667397002,"46XOU931":0.14102759643703,"69PAB215":0.40529224060320259,"85MLY943":0.94283324002748,"03YYL642":0.62991672765659,"60RDH027":1.2320908662325,"03ZMZ546":0.19789851648859856,"05RIT780":10.43993165534906,"47ZKN905":3.3583129143341345,"06MRB940":0.07054549874752386,"48LSP505":0.96917510504723,"05WMH156":2.8588087750765,"85RAY132":2.7366457047442,"29VVW812":1.368823586365346,"63DEX945":0.21719666875428,"64LQA174":0.0001166450044401,"01XRG709":0.7122880112515071,"44VGL493":0.3412632188175,"08PGX261":2.9734887678153,"25PLX931":0.000021779431521893,"26COT379":1.1435750499522,"09JKO840":0.070443923001587,"23YGU449":0.089573192223955,"01GDV571":2.313707397935412,"25THL996":1.7941583084707,"84KPL751":0.4049135615240563,"65RGZ395":0.11050528026799,"43EPB871":0.3770015735889674,"03MRK342":0.071770598657856,"44XYD137":6.0052173428997,"04XDQ931":2.4759578639331,"42ZZG523":0.40626966208576,"22HBX516":0.002553712806079303,"00YDS075":3.055957656252,"81FFX788":0.039336003808305,"62QFI851":0.056516877990648,"02EYC166":0.097177535673413,"88LJE994":13.22783790233017,"41TDJ322":0.003614115819814,"42WTR051":1.8571922480339,"68KHM404":0.3350053450928406,"09XVI132":2.4291305902252184,"45FXM471":0.01101969191967,"69OBS962":1.1005113020127}