{"03GVB463":13.393064591758,"02QOD433":0.31998585070825,"69XBT559":1.4075856226031,"67RTR294":7.9751829952701,"67HCH306":1.485731024566,"68RDQ288":5.2198867368602,"69PAB215":0.4052922406032,"03ZMZ546":0.1978985164886,"67MOS216":0.28891226200801,"05JDL507":0.22982859214765,"66RFE698":0.36579735936574,"00KSY785":0.064050100709025,"84JDF593":0.66911071578224,"29VVW812":1.3688235863653,"87KKN119":4.9499744766779,"67WNS782":0.16196673566605,"66KBJ304":4.0575092868938,"05RIT780":10.439943277804,"89VLS941":0.32455961711724,"00YUQ308":0.58068339838846,"09JKO840":0.070443923001587,"89TXZ487":0.15428536034755,"63DFL965":1.345456887081,"66PIX982":0.72304346995396,"85BDV951":0.19665231880841,"80WXM377":5.8910740481922e-05,"25KOI345":1.0569388538744,"29PJA302":0.35917879404415,"64JUN748":6.4544282403631,"48LSP505":0.96917510504723,"49BTB017":4.0775668566303,"05WMH156":2.8588087750765,"NIW 691 ":2.8680826658955,"60EMS782":0.025443104191546,"43CAO091":0.00018231167019904,"41TDJ322":0.003614115819814,"09XVI132":2.4291305902252,"23GDT218":5.3541627901739,"27PQY682":3.2793183886727,"44JSA965":0.2523112824904,"06TCS254":3.1713859319687e-05,"48CVS690":1.0740632193759,"23ZQC608":0.10045804205342,"81FFX788":0.039336003808305,"41NMT861":0.60475977435772,"45DGQ957":0.33526557555631,"69OBS962":1.1005113020127,"43EPB871":0.37700157358897,"04JSP349":0.40230880276868,"23YHP006":0.02208539025761,"06MRB940":0.070545498747524,"44VGL493":0.3412632188175,"47OPG020":0.0045707223897194,"47DMT070":5.7616360111394,"01XRG709":0.71228801125151,"25ZUL210":0.94345598459051,"00YDS075":3.055957656252,"47ZKN905":3.3583129143341,"64VYF276":2.0788899412424,"22KLK740":3.12659742072,"25JTF914":0.27411522122736,"24WUM117":0.48778705922804,"20JVH294":10.540156548647,"64TKH920":2.7604604827041,"03NYG808":0.27758657302775,"88LJE994":13.22783790233,"64LQA174":0.0001166450044401,"83HFD459":0.045603061362759,"02UDE356":0.76239418054892,"01PCR838":0.85821638290883,"89YOP549":0.37616843697263,"40CFB046":0.056520718969499,"23YGU449":0.089573192223955,"60RDH027":1.2320908662325,"47BJG623":0.3329367157924,"84KPL751":0.40491356152406,"20OAL295":0.24611120559885,"65LPE438":0.98939563462252,"89WHG913":2.1706582504948,"44XYD137":6.0052173428997,"87HRC815":7.7361072700471e-05,"68KHM404":0.33500534509284,"63DEX945":0.21719666875428,"25PLX931":2.1779431521893e-05,"85FVO051":1.8659599147473,"08OLI760":0.054047249575272,"03XQF811":0.02941107188743,"82UAW773":0.12038764730288,"06JXY738":0.091620926486738,"26UGA952":1.0254899865494,"41KJE230":0.61119935858336,"20SGF442":0.062689900130421,"68MCC448":0.02756683659786,"22HBX516":0.0025537128060793,"62IKT920":0.23672441436937,"81NJV898":0.063860037297611,"03YYL642":0.62991672765659,"84SKX113":2.557493013523,"66XGT472":0.24340288850775,"43BYU790":2.4582465656908,"44PVB067":5.0843199642375e-05,"68ITM758":0.015771395800006,"42WTR051":1.8571922480339,"48WSL962":0.039168035390753,"43SJG353":0.45744160647092,"04VJA251":1.441060768019,"06SAD065":5.0233990619552,"06WTR163":2.4011821101474,"24VFP265":0.091092315925355,"65EJD052":5.8215095611366,"43PNO067":4.4548049412668e-05,"01OUW021":3.7835023462544,"04NQR393":0.92598751388811,"82GNO322":3.7686930397321,"25THL996":1.7941583084707,"67FBJ313":1.3249910212796,"63WQV090":0.05365776338169,"08PGX261":2.9734887678153,"21QEN937":0.0031381600253619,"66MPJ759":3.8224625587463e-07,"46XOU931":0.14102759643703,"61XQH803":1.4967993035177,"42ZZG523":0.40626966208576,"04PJI297":6.2186781807563,"63BQW233":0.29042677328684,"26QPO257":0.2869574667397,"04XDQ931":2.4759578639331,"22IUC792":0.40684930979329,"82MNL356":6.530897306744e-06,"41VPD699":5.321794961812e-06,"66MJE338":3.4378878743233,"41ZDE583":3.9267785959274,"49EDF681":7.0483984446153e-05,"SWO 046 ":3.2523617147416,"65GIQ763":0.035142317203628,"46HZF516":1.9389384101289,"45FXM471":0.01101969191967,"43HGS845":1.8464103287415,"68SDO315":1.1294491987316,"85MLY943":0.94283324002748,"01GDV571":2.3137073979354,"22WAO241":0.10587693966736,"65RGZ395":0.11050528026799,"08OSU548":0.293325517929,"41MGL223":1.6734922967454,"41VAO500":0.12176999210892,"00KTW648":0.13294793098305,"46IET190":9.5551144163415,"23VGH239":8.7832264852076,"02EYC166":0.097177535673413,"62QFI851":0.056516877990648,"86FZI432":0.00014396635276079,"83AUJ145":13.080601623041,"81TBF852":2.8511558054399,"03MRK342":0.071770598657856,"62MNM082":0.022165180975931,"20FNY991":1.6658928101603,"00COU395":0.10892683912522,"26COT379":1.1435750499522,"41DXS174":1.00539910172,"80MIL779":0.0,"85RAY132":2.7366457047442}