{"40DGE004":7.4323199706424,"42HPB270":0.017332992881698,"01GHZ661":1.8575318160796,"68WKL469":0.0,"64GVZ762":0.000017348121844232,"80YZT448":0.0,"XTL 542 ":5.7993848070897,"21IYH490":0.0,"49MUK603":2.5534470026508,"85YLQ346":1.5200680527293,"45NRP462":0.0000085547107458115,"60XHF137":0.78851208806743,"42QKS839":11.380743191311,"88QAU568":20.792397911767,"TQH 131 ":4.6033763533838,"07TJQ617":0.0,"22DGR994":0.0,"62IET174":0.14142979248543084,"28YER061":0.000005442520050332,"40TKE101":0.0,"LAA 658 ":124.01904646547,"07IVK560":0.0,"61TOJ809":0.0,"04HPD144":0.0,"05NKG699":7.6652882115996,"45SDP344":0.0,"61VKX333":0.0,"69KFY823":8.5897242249072,"04WGD582":5.2747206011203,"09WXO066":3.7328955260505,"65LQU536":0.0,"88SUV218":0.0,"83FOY570":0.0,"08LDB344":0.0,"05ARG641":0.00012286898568459,"07BKJ737":0.0,"02CNB636":0.0,"04MOE570":0.0,"09PMN083":0.0,"24BPH109":0.0,"TQX 635 ":62.979897101571,"42BXI072":0.0,"80VVW917":5.0240177502627,"06RQB987":4.3729298037241,"FJL 896 ":0.086202026296279,"48SFC357":0.0,"47KFX729":0.0055509124490849,"20YNB497":10.638011240037,"81NBO991":11.870908408185,"88OEC601":0.0,"46VAU284":6.151982613865,"04WIO677":0.21392012365456,"88FUK323":0.81780703673902,"62NCX204":0.0,"81XQJ464":0.000041522484719753,"49MUH298":6.0091481331805,"63UXV940":9.3288282034269,"07ZCO520":0.0,"09LSU663":0.0,"26EYZ973":0.00029545398004353,"27HVE813":23.562562708242,"02DLF914":3.2950636492318,"41WTW513":1.4838208762109,"65GLS591":0.0,"82RNO451":0.14242857437842,"67UQC344":0.0,"67ZLN940":0.0,"28HPB655":0.0,"86PYC845":4.3033985208979,"LFX 367 ":0.17395920896838,"41UOJ109":13.141059548834,"86WTW139":7.5629108334648,"66AIR039":0.0,"89NOV481":0.00037338944180869,"05GTZ374":0.0,"08CJZ064":0.0,"68RTV105":0.000046724352543242,"87CCB921":0.74550581389424,"WUV 337 ":0.4806595533980404,"43VHN562":3.0137973867798,"04MAH279":0.0,"05GXK622":1.2987327932526,"63WKR332":0.0000011600294038653,"24HFO337":0.0,"81IPD160":15.209171560719,"04ORR965":0.0,"89CRX972":0.88965858712995,"UJZ 746 ":0.53057612340469,"60SSE960":0.0,"22TAC428":0.36384563895798,"21LTZ994":0.000054717898814008,"45ESY964":0.0,"63TUD535":0.0,"22WAO241":0.0,"08GVQ372":0.0,"68ZHM277":0.0,"47YGK068":0.0,"21SPA499":2.5522260921019,"YOP 929 ":40.268514141363,"26YST021":4.2613386927917,"APB 590 ":0.61643078057356,"25OZP986":0.022304836366922,"21JEH457":0.10427276510246,"47TJP503":0.037928699060421,"68CUA800":0.000026912899654359,"22QKN095":0.0,"69VGJ718":0.0,"43ZJN667":6.3999550879161,"67FCG169":0.0010100374153106,"04USD936":0.0,"88HUV089":17.180012588383,"87DEK487":0.000011720124439336,"81FUO499":0.0,"40DAH982":4.7075649020032,"80WBF420":0.0,"NHD 940 ":0.47435075119755,"05WVL786":0.0,"84HFE988":6.3589274791704,"88NBV826":0.0,"42RXV080":0.0,"80QWO664":0.53416458349874,"28EDF119":6.4831065616199,"04XQN580":0.0,"66DGK996":0.44017657037633,"48EPW416":4.1379098502785,"06MQK024":0.0,"22NGG953":1.3079664832415,"80EBI486":0.0,"05PJE695":0.3372200951759,"DOI 127 ":2.276748483407,"89IXZ279":0.0,"87XPJ020":0.0,"85UBL774":0.0,"GGV 398 ":0.094949492550963,"65XWX767":4.2740556610758,"21OLZ830":0.0,"42ZCP224":1.7951076727915,"84IFA315":0.00003953842475242,"60ORS946":0.58841355423127,"CEA 678 ":20.757754321179,"86KJB498":0.000018837800885551,"65DSF679":11.900220711468,"82LFW411":0.0,"46HZC110":0.0,"28JQB958":0.0,"68YOM674":0.0,"61IYJ659":0.0,"88IJT098":0.0,"08XBN291":0.0010871274042122,"01GWX254":0.43544118136278,"87WDQ016":0.0,"29NND521":0.0,"23DNJ722":0.0,"44TOQ427":0.0,"87TKC336":0.0,"62TST655":0.0,"67VZK056":0.0000094762013554573,"04HTV691":0.68307642792208,"83TWL938":0.0,"44GSM549":0.041708770016178,"05ZNI955":0.000022291230529547,"48PEK053":0.94908445736964,"43LAQ641":5.6084322170713,"00WFV194":0.0000042525306176394,"04LOB313":0.0,"88KXT436":0.0,"20PEG513":0.000060522569370456,"24GJF895":0.000048533981953282,"65XQU644":7.1014016696824,"69XGR889":0.0000021491647129878,"65EAT627":0.0,"PGE 494 ":2.041346198932,"VPV 358 ":14.762763407096,"61VBM609":8.0001449260515,"85UJM291":1.4249850408609,"26HYK146":16.336197502579,"65PIC353":0.000007090599171817302,"80LOF068":0.81657977662672,"03XQF811":0.55764378729042,"88VYU875":0.0,"42ABX712":0.0,"84BCZ493":0.0,"83IZU385":0.000030262711593881,"02FUJ332":0.000031654214344919,"80UDV041":5.5827695170939,"45LJU348":0.0,"80LXM030":0.0,"80IHW130":0.0,"65LRR521":0.00014826083820907,"80VLY859":1.111411218098,"80VGK280":0.0,"87MND120":0.0,"43HOP757":0.024884321677454,"88IMR844":0.000030335065495223,"47JET087":0.0,"29MBT535":0.36119132772057,"60GJU856":0.0,"64YER045":0.0,"01UCX476":0.0,"62FBY314":0.0,"42ZJI324":0.0,"05RWG118":0.000031978087082505,"04QVQ453":0.35214493572623,"45PJO932":0.93154517629791,"85AWQ629":0.0,"64OPT506":0.0,"06AGT619":0.0000043611115565436,"23HHE426":0.85712714187874,"04FYC395":10.612453737298,"27JGA767":0.0,"07UMT674":0.57940261759706,"87GVM752":0.0,"21POI968":6.2215320883783,"28LIN518":1.6904670404852,"LFK 671 ":5.1227091944769,"64EXU794":0.84433034585686,"86UTQ067":0.0,"46YDS841":0.13041875363681,"28JYO899":0.0,"49ONT010":182.80545393742,"44OQL397":0.0,"29DZY983":3.0989094558102,"61MQQ550":0.059089990865174,"ERL 051 ":67.002798195839,"60PFK950":0.00017931765491143,"80FOL849":0.000032112091518939,"42TMJ555":5.2409802035666,"48EZL956":0.0,"00GFV923":0.000025021994238719,"05ARD075":0.0000025957842618227,"83KGY487":0.0,"00SCI758":0.000027325166450813,"80WHI542":0.0073714167522155,"02IYN068":0.0,"27ZKL766":0.000042350431567524,"01DXZ787":0.0,"80EGS065":0.0,"88NXF817":0.0,"61ICX304":1.617028086972,"44OJR860":0.000015020673022605,"80EUL136":0.24592709035618,"47JOS411":0.092067676495481,"HUY 926 ":1.7339882622257,"06IEM535":1.4571001464639,"64APQ369":0.0,"43CTO683":0.0,"22VAU472":0.023949867816388,"02MIS235":0.0,"TBW 921 ":0.59412659835507,"63XLO490":0.0001671359095769,"84DKX804":0.000030341008543968,"88TQI366":0.0,"01NSJ938":0.81872399135533,"65TCD065":4.8419067625807,"06JXV895":1.8251692007552,"63WGA616":0.0,"04HXN744":0.00090741277347668,"06PBI978":8.2880674747464,"43EIB474":9.7285413379647,"00WOC539":0.0,"21DYH259":0.0,"68ZRN809":0.033625690607937,"42OAG496":0.00010032552263886,"02AZG820":0.0,"07IBJ810":0.000042796280577779,"85YTM554":0.00092939525323827,"81IOX099":0.00001186987458542,"06SKG591":0.000049906304838136,"84IZY699":0.0,"01OQE004":34.238536838171,"44JIZ719":0.0,"86GPG796":13.96618305905,"60XYS873":0.0,"03HXE991":0.0000087746581602842,"23IJQ267":0.0,"UEV 347 ":5.0610959767012,"07ZAA540":0.8410640458829,"00FXS907":4.0531909929407,"42SSN046":0.0,"24DFV510":0.00009870615144073964,"MBC 772 ":0.0000091795983910561,"80AUV549":0.0,"63CMX564":0.46664652361166,"04KNB752":0.5427656274569,"65WUJ407":1.8367931289852,"61FOC800":0.0,"63SQK641":0.0,"XLE 226 ":0.1618173448876,"82AOG343":0.30438879446287,"65JTM083":7.0504606435364,"80LXP743":1.0516706800062,"25QBX422":12.870510093554,"63HPV129":0.0,"28VAA345":0.0,"08WRF281":2.5088527112784,"84EGM339":0.0,"49VME620":2.0385639623473,"04LVB362":0.0,"86OWS365":5.384704451444,"87FDC168":2.1405306522145,"45WXM841":0.0,"67OTL481":0.0000014650346338749,"00MAC848":0.0001257154401429,"44IQL855":7.6495359679019,"23LLF886":0.0,"40ZCL752":0.000010321168938652,"09ZDD089":0.52541204206982,"01MJV498":0.0,"80IBY633":0.0,"69XQJ104":0.0,"44QFV720":1.8423678849013,"61FEF612":0.0,"06OLK069":2.9200032349346,"68VZJ859":6.7155770575953,"XLZ 213 ":24.713327442546,"67UNX055":0.0,"FNC 909 ":71.821975632634,"86CQP826":0.35135649612053,"47QSW242":6.1824790865176,"01TUZ884":0.0000021328734755516,"27KZI037":0.0,"65ZES091":0.0,"67AJE179":2.1812147217593,"24HOP495":7.72236000708,"43GLP495":15.902280218862,"48YIH133":0.0,"07EQH589":8.3935394547144,"45KNT961":0.0,"27QSL765":0.73467364451387,"67XUA909":25.456645709309,"40YKV625":0.0,"82QGX130":0.015411580886783,"86ZQG518":0.0,"02PTG194":0.0,"20CNQ885":0.0,"81CFK319":0.0,"80VBW334":0.37174795017439,"49UBN996":0.0,"62VJJ316":0.0000071572129279375,"23TLT057":0.0,"81LNL977":0.0017897369151455,"09BNS489":0.000057658814683557,"26JXU228":0.03082919408883,"04ZHK062":0.0,"29RXX644":0.0000066744156852365,"20LKX750":0.0,