{"08JPB796":0.0050302457076284,"20OAL295":0.24611120559885,"68SDO315":1.1294491987316,"49BTB017":4.0775668566303,"86FZI432":0.00014396635276079,"81FFX788":0.039336003808305,"06OHQ705":4.7196148504828,"25KOI345":1.0569388538744,"43CAO091":0.00018231167019904,"88FAS129":4.5607869210653e-06,"25WWO743":5.9980465332046e-06,"23YGU449":0.089573192223955,"26UGA952":1.0254899865494,"47BJG623":0.3329367157924,"03NYG808":0.27758657302775,"41VAO500":0.12176999210892,"03MRK342":0.071770598657856,"05RIT780":10.439943277804,"67MEQ849":6.3202896641451e-07,"22IUC792":0.40684930979329,"41NMT861":0.60475977435772,"23ONA005":2.2705622570479,"04VJA251":1.441060768019,"47DMT070":5.7616360111394,"00WEY909":5.7005970150232e-05,"42KRN180":4.1426520828127,"40JDI886":0.00099110483277217,"89MLK144":1.5422169623297,"69WHY705":0.00011675056330953,"89TXZ487":0.15428536034755,"07RIP908":0.79647232886947,"21QEN937":0.0031381600253619,"42WTR051":1.8571922480339,"89NYM439":2.2456363419187,"03XQF811":0.02941107188743,"66MJE338":3.4378878743233,"06WTR163":2.4011821101474,"64GVO216":0.10392206395591,"25OOL794":0.00011545299255475,"67MOS216":0.28891226200801,"46XOU931":0.14102759643703,"60KCI225":0.00022789872524142,"47ZKN905":3.3583129143341,"20SGF442":0.062689900130421,"02AJY433":9.6601654663682e-06,"80MIL779":0.0,"44PVB067":5.0843199642375e-05,"41QVM479":0.023517362274488,"81NJV898":0.063860037297611,"26COT379":1.1435750499522,"40KTC957":9.1337154338602e-05,"25JTF914":0.27411522122736,"89WHG913":2.1706582504948,"82ZRL183":0.032875837373788,"86TWV462":3.9883064206224e-06,"23EIJ287":0.89466047420338,"48WSL962":0.039168035390753,"66XGT472":0.24340288850775,"61XQH803":1.4967993035177,"84QWI242":0.0091909244637452,"49EDF681":7.0483984446153e-05,"63JUS282":0.00029214299183828,"46MDS712":0.10005411760709,"65ZEU312":0.67350330658929,"88LJE994":13.22783790233,"25IUY120":0.21088812556508,"08PGX261":2.9734887678153,"40CFB046":0.056520718969499,"25PLX931":2.1779431521893e-05,"08OLI760":0.054047249575272,"NIW 691 ":2.8680826658955,"40QGE275":0.0,"42FRN612":1.1929952452396e-05,"05ZED268":2.8520821295679e-05,"62MZC391":2.0927769505654,"00BEA534":2.5202199294121,"07CRE916":0.0049696561620032,"06MRB940":0.070545498747524,"08OSU548":0.293325517929,"44JSA965":0.2523112824904,"43PNO067":4.4548049412668e-05,"48CVS690":1.0740632193759,"84KPL751":0.40491356152406,"43FZJ239":0.02548550776044,"66WUI657":6.2996756070061e-07,"29PJA302":0.35917879404415,"89VLS941":0.32455961711724,"87NFJ570":4.8686909961805,"43SJG353":0.45744160647092,"68ITM758":0.015771395800006,"22KLK740":3.12659742072,"21SSN584":0.83989027044496,"83AUJ145":13.080601623041,"01ATH061":2.8691425345511,"46HZF516":1.9389384101289,"28HXN290":0.016689182382757,"66BOX046":4.3240284640342e-05,"02EYC166":0.097177535673413,"67FBJ313":1.3249910212796,"41VQV952":0.70626762496239,"06UMO015":0.0,"48OAV921":1.8844741518761,"23ZQC608":0.10045804205342,"22HBX516":0.0025537128060793,"63DFL965":1.345456887081,"65EJD052":5.8215095611366,"43EPB871":0.37700157358897,"47PPT315":5.5067396904793,"20EHR755":0.17563069526439,"05JDL507":0.22982859214765,"41DXS174":1.00539910172,"04JSP349":0.40230880276868,"84JDF593":0.66911071578224,"44XYD137":6.0052173428997,"41IYN600":0.00012639245939255,"43HGS845":1.8464103287415,"41MGL223":1.6734922967454,"06JSH577":5.2973285336047e-05,"XDO 309 ":2.3968325634875,"64JUN748":6.4544282403631,"24JAY155":0.26670142512959,"62CSL440":2.3074523277926,"64GUC577":7.4739540697192e-07,"45DGQ957":0.33526557555631,"03ZMZ546":0.1978985164886,"62WCK402":0.11414227366099,"61FVA520":12.092589049357,"25THL996":1.7941583084707,"60IOT144":13.067021560551,"25WUZ068":3.8049361894839e-05,"RZV 540 ":0.67412718090208,"85BDV951":0.19665231880841,"06BAT021":0.01103825713254,"47OPG020":0.0045707223897194,"66KBJ304":4.0575092868938,"82VVM074":0.068981792074334,"06TCS254":3.1713859319687e-05,"83HFD459":0.045603061362759,"62IKT920":0.23672441436937,"45VPT090":1.1989254793698,"04NQR393":0.92598751388811,"41ZDE583":3.9267785959274,"68RDQ288":5.2198867368602,"09EOQ782":8.4398187018e-05,"68OJI679":2.0448224027606,"23YHP006":0.02208539025761,"63WQV090":0.05365776338169,"45FXM471":0.01101969191967,"65LPE438":0.98939563462252,"44EKO938":4.0255934279412e-06,"66MPJ759":3.8224625587463e-07,"85MLY943":0.94283324002748,"27PQY682":3.2793183886727,"HLG 262 ":0.81456082160157,"00YUQ308":0.58068339838846,"64VYF276":2.0788899412424,"86JQY003":1.2597585625056,"62QFI851":0.056516877990648,"07QNZ508":0.0,"66PIX982":0.72304346995396,"29VVW812":1.3688235863653,"88QBG289":0.0015073071268648,"87VIU889":0.0,"23VGH239":8.7832264852076,"05CMY670":0.041786256130856,"87HRC815":7.7361072700471e-05,"81BSN017":0.025670458649942,"69XBT559":1.4075856226031,"09JKO840":0.070443923001587,"01XRG709":0.71228801125151,"84ZOZ845":0.51358253803369,"64TKH920":2.7604604827041,"82GNO322":3.7686930397321,"00YDS075":3.055957656252,"45TUO286":0.043187311323507,"28QQC649":0.0026839930799995,"04PJI297":6.2186781807563,"68KHM404":0.33500534509284,"41KJE230":0.61119935858336,"24XMB034":0.32914317978754,"02UDE356":0.76239418054892,"00JBC316":2.1919593773782e-07,"06SAD065":5.0233990619552,"SWO 046 ":3.2523617147416,"00COU395":0.10892683912522,"63ZPK459":0.055472008260777,"69OBS962":1.1005113020127,"06JXY738":0.091620926486738,"49IBV793":0.19562924044184,"20JVH294":10.540156548647,"43JRG175":5.9358992666239e-07,"01PCR838":0.85821638290883,"42ZZG523":0.40626966208576,"DRJ 360 ":1.3863102014366,"84SKX113":2.557493013523,"03KOG277":1.1049221836361,"60ZRP570":0.0,"66RFE698":0.36579735936574,"60RDH027":1.2320908662325,"67WNS782":0.16196673566605,"25XAL276":0.40330211102799,"WBQ 320 ":1.5211123692803e-05,"09XVI132":2.4291305902252,"24WUM117":0.48778705922804,"63DEX945":0.21719666875428,"69OJH967":0.0,"63BQW233":0.29216830853482,"24VFP265":0.091092315925355,"24XWR740":0.076219045289738,"05WMH156":2.8588087750765,"63YUY262":6.1531248351093e-07,"44VGL493":0.3412632188175,"80WXM377":5.8910740481922e-05,"69PAB215":0.4052922406032,"89TOO953":1.2299389892691,"64LQA174":0.0001166450044401,"41VPD699":5.321794961812e-06,"01GDV571":2.3137073979354,"68GWB270":0.099873932777384,"48LSP505":0.96917510504723,"22WAO241":0.10587693966736,"03GVB463":13.393064591758,"23GDT218":5.3541627901739,"66XLH250":1.5059390402913,"82MNL356":6.530897306744e-06,"41IJS406":3.5134259755154,"25YGS140":0.79333892346511,"49KSM609":0.018843287580276,"00KTW648":0.13294793098305,"88HFJ142":0.050512222558406,"01OUW021":3.7835023462544,"85RAY132":2.7366457047442,"65GIQ763":0.035142317203628,"08IZS863":0.034465617717354,"83NTR526":0.00032143090370391,"62UOM056":8.9809343889356e-06,"04MTY896":0.0059740856510676,"22CEE350":0.0,"07ABX496":0.0,"40BNQ487":2.2670488591453,"  TEST  ":5.1179724156454,"68MCC448":0.02756683659786,"41RWY553":1.0268830629531e-05,"WUV 337 ":5.4373527593432,"46IET190":9.5551144163415,"03WRC137":0.10944462386228,"66FHT343":1.2001750666648e-05,"03YYL642":0.62991672765659,"87KKN119":4.9499744766779,"62MNM082":0.022165180975931,"CWZ 185 ":0.74492682287453,"22AVS879":3.7581072692005,"25ZUL210":0.94345598459051,"62HQQ550":2.9674254387617e-05,"65RGZ395":0.11050528026799,"43BYU790":2.4582465656908,"41TDJ322":0.003614115819814,"26QPO257":0.2869574667397,"07QCH702":9.5812289686874e-06,"00KSY785":0.064050100709025,"85FVO051":1.8659599147473,"82IHC002":0.010087855703741,"82UAW773":0.12038764730288,"67RTR294":7.9751829952701,"20FNY991":1.6658928101603,"89RJT980":0.062767019834409,"05LXI405":0.0,"02QOD433":0.31998585070825,"08QID365":7.0026076206705e-07,"22NRQ598":0.99845276612084,"69EVZ614":2.515179117303,"04XDQ931":2.4759578639331,"41EJM254":0.34028754126432,"81TBF852":2.8511558054399,"60EMS782":0.025443104191546,"88JVE557":0.13029371489152,"66ODJ407":2.9882248163223e-05,"67HCH306":1.485731024566,"89YOP549":0.37616843697263,"06IPE650":0.7301841201522}