{"24XWR740":0.076219045289738,"64GUC577":7.4739540697192e-7,"23EIJ287":0.89466047420338,"03YYL642":0.62991672765659,"82MNL356":0.000006530897306744,"66BOX046":0.000043240284640342,"86FZI432":0.00014396635276079,"05JDL507":0.22982859214765,"43CAO091":0.00018231167019904,"44PVB067":0.000050843199642375,"03XQF811":0.02941107188743,"00COU395":0.10892683912522,"88LJE994":13.22783790233,"41MGL223":1.6734922967454,"CWZ 185 ":0.61197872176476,"66RFE698":0.36579735936574,"81TBF852":2.8511558054399,"44JSA965":0.2523112824904,"65LPE438":0.98939563462252,"41TDJ322":0.003614115819814,"22CEE350":0.0,"63YUY262":6.1531248351093e-7,"47ZKN905":3.3583129143341,"41NMT861":0.60475977435772,"85BDV951":0.19665231880841,"62MZC391":2.092776950565395,"00YDS075":3.055957656252,"41IJS406":3.5134259755154,"85MLY943":0.94283324002748,"48OAV921":1.8844741518761,"44VGL493":0.3412632188175,"06OHQ705":4.7196148504828,"22KLK740":3.12659742072,"20OAL295":0.24611120559885,"86JQY003":1.2597585625056,"06UMO015":0.0,"08IZS863":0.034465617717354,"22IUC792":0.40684930979329,"69XBT559":1.4075856226031,"27PQY682":3.2793183886727,"64JUN748":6.4544282403631,"NIW 691 ":2.8680826658955,"00BEA534":2.5202199294121354,"26UGA952":1.0254899865494,"67MOS216":0.28891226200801,"46XOU931":0.14102759643703,"49BTB017":4.0775668566303,"29VVW812":1.3688235863653,"83NTR526":0.0003214309037039055,"07CRE916":0.0049696561620032,"60RDH027":1.2320908662325,"67HCH306":1.485731024566,"83HFD459":0.045603061362759,"48WSL962":0.039168035390753,"45FXM471":0.01101969191967,"25WWO743":0.0000059980465332046,"66MPJ759":3.8224625587463e-7,"65RGZ395":0.11050528026799,"67MEQ849":6.3202896641451e-7,"42FRN612":0.000011929952452396,"89TXZ487":0.15428536034755,"08PGX261":2.9734887678153,"66MJE338":3.4378878743233,"03ZMZ546":0.1978985164886,"40QGE275":0.0,"06JXY738":0.091620926486738,"41ZDE583":3.9267785959274,"25YGS140":0.79333892346511,"03KOG277":1.1049221836360704,"81NJV898":0.063860037297611,"09JKO840":0.070443923001587,"00KTW648":0.13294793098305,"40CFB046":0.056520718969499,"RZV 540 ":0.67412718090208,"05RIT780":10.439943277804,"22WAO241":0.10587693966736,"HLG 262 ":0.81456082160157,"DRJ 360 ":1.3863102014366,"46MDS712":0.10005411760709,"01GDV571":2.3137073979354,"66PIX982":0.72304346995396,"28QQC649":0.0026839930799995,"66XLH250":1.5059390402913,"46IET190":9.5551144163415,"47BJG623":0.3329367157924,"49EDF681":0.000070483984446153,"43HGS845":1.8464103287415,"82UAW773":0.12038764730288,"42WTR051":1.8571922480339,"26QPO257":0.2869574667397,"25OOL794":0.00011545299255475,"26COT379":1.1435750499522,"89NYM439":2.2456363419187,"85RAY132":2.7366457047442,"24VFP265":0.091092315925355,"23GDT218":5.3541627901739,"64LQA174":0.0001166450044401,"03GVB463":13.393064591758,"08QID365":7.0026076206705e-7,"85FVO051":1.8659599147473,"68KHM404":0.33500534509284,"63DFL965":1.345456887081,"89YOP549":0.37616843697263,"01PCR838":0.85821638290883,"66KBJ304":4.0575092868938,"01ATH061":2.8691425345511,"09EOQ782":0.000084398187018,"68OJI679":2.0448224027606,"65EJD052":5.8215095611366,"82ZRL183":0.032875837373788,"84SKX113":2.557493013523,"03MRK342":0.071770598657856,"41VQV952":0.70626762496239,"84KPL751":0.40491356152406,"89VLS941":0.32455961711724,"69EVZ614":2.515179117303,"87HRC815":0.000077361072700471,"25JTF914":0.27411522122736,"88HFJ142":0.05051222255840573,"25PLX931":0.000021779431521893,"22NRQ598":0.99845276612084,"00KSY785":0.064050100709025,"87KKN119":4.9499744766779,"06MRB940":0.070545498747524,"02EYC166":0.097177535673413,"48CVS690":1.0740632193759,"XDO 309 ":2.3968325634875,"04PJI297":6.2186781807563,"06TCS254":0.000031713859319687,"04NQR393":0.92598751388811,"60EMS782":0.025443104191546,"00YUQ308":0.58068339838846,"25XAL276":0.40330211102799,"06IPE650":0.7301841201522,"87VIU889":0.0,"43SJG353":0.45744160647092,"23VGH239":8.7832264852076,"09XVI132":2.4291305902252,"68ITM758":0.015771395800006,"25KOI345":1.0569388538744,"89RJT980":0.062767019834409,"41DXS174":1.00539910172,"43PNO067":0.000044548049412668,"06WTR163":2.4011821101474,"43BYU790":2.4582465656908,"07QNZ508":0.0,"89WHG913":2.1706582504948,"63JUS282":0.00029214299183828,"25ZUL210":0.94345598459051,"64TKH920":2.7604604827041,"69OBS962":1.1005113020127,"63BQW233":0.29042677328684,"SWO 046 ":3.2523617147416,"68RDQ288":5.2198867368602,"80WXM377":0.000058910740481922,"01XRG709":0.71228801125151,"82GNO322":3.7686930397321,"23ONA005":2.2705622570479,"62IKT920":0.23672441436937,"45DGQ957":0.33526557555631,"62HQQ550":0.00002967425438761712,"20SGF442":0.062689900130421,"04XDQ931":2.4759578639331,"65GIQ763":0.035142317203628,"23YGU449":0.089573192223955,"48LSP505":0.96917510504723,"07RIP908":0.79647232886947,"06SAD065":5.0233990619552,"69PAB215":0.4052922406032,"41VPD699":0.000005321794961812,"41KJE230":0.61119935858336,"84ZOZ845":0.51358253803369,"66XGT472":0.24340288850775,"68SDO315":1.1294491987316,"44XYD137":6.0052173428997,"62MNM082":0.022165180975931,"67WNS782":0.16196673566605,"68MCC448":0.02756683659786,"63WQV090":0.05365776338169,"20FNY991":1.6658928101603,"88QBG289":0.0015073071268648,"47PPT315":5.5067396904793,"84JDF593":0.66911071578224,"24WUM117":0.48778705922804,"47DMT070":5.7616360111394,"69OJH967":0.0,"21SSN584":0.83989027044496,"29PJA302":0.35917879404415,"20JVH294":10.540156548647,"43EPB871":0.37700157358897,"23YHP006":0.02208539025761,"63DEX945":0.21719666875428,"02UDE356":0.76239418054892,"22AVS879":3.7581072692005,"WUV 337 ":1.3800305303395,"80MIL779":0.0,"67FBJ313":1.3249910212796,"03NYG808":0.27758657302775,"00JBC316":2.1919593773782e-7,"24JAY155":0.26670142512959446,"67RTR294":7.9751829952701,"43JRG175":5.9358992666239e-7,"24XMB034":0.32914317978754,"46HZF516":1.9389384101289,"64VYF276":2.0788899412424,"08OLI760":0.054047249575272,"22HBX516":0.0025537128060793,"42ZZG523":0.40626966208576,"00WEY909":0.000057005970150232,"61XQH803":1.4967993035177,"02AJY433":0.0000096601654663682,"08OSU548":0.293325517929,"05LXI405":0.0,"47OPG020":0.0045707223897194,"01OUW021":3.7835023462544,"81FFX788":0.039336003808305,"66WUI657":6.2996756070061e-7,"25THL996":1.7941583084707,"05WMH156":2.8588087750765,"07ABX496":0.0,"07QCH702":0.0000095812289686874,"06JSH577":0.000052973285336047,"23ZQC608":0.10045804205342,"83AUJ145":13.080601623041,"25WUZ068":0.00003804936189483854,"62WCK402":0.11414227366099,"WBQ 320 ":0.000015211123692803,"04VJA251":1.441060768019,"63ZPK459":0.055472008260777,"87NFJ570":4.8686909961805,"02QOD433":0.31998585070825,"21QEN937":0.0031381600253619,"41VAO500":0.12176999210892,"04JSP349":0.40230880276868,"60ZRP570":0.0,"62QFI851":0.056516877990648,"25IUY120":0.21088812556508}