{"66BOX046":0.000043240284640342,"43EPB871":0.37700157358897,"41NMT861":0.60475977435772,"07RIP908":0.7964723288694734,"66PIX982":0.72304346995396,"65LPE438":0.98939563462252,"06OHQ705":4.719614850482795,"06SAD065":5.0233990619552,"02QOD433":0.31998585070825,"85BDV951":0.19665231880841,"45FXM471":0.01101969191967,"00YDS075":3.055957656252,"06WTR163":2.4011821101474,"63WQV090":0.05365776338169,"24XWR740":0.0762190452897381,"65GIQ763":0.035142317203628,"81FFX788":0.039336003808305,"69EVZ614":2.5151791173030069,"DRJ 360 ":1.3863102014365834,"01OUW021":3.7835023462544,"01PCR838":0.85821638290883,"04JSP349":0.40230880276868,"06UMO015":0.0,"41MGL223":1.6734922967454,"40CFB046":0.056520718969499,"43CAO091":0.00018231167019904,"68RDQ288":5.2198867368602,"05RIT780":10.439943277804,"41VPD699":0.000005321794961812,"85FVO051":1.8659599147473,"00JBC316":2.191959377378226e-7,"41TDJ322":0.003614115819814,"03XQF811":0.02941107188743,"42WTR051":1.8571922480339,"68ITM758":0.015771395800006,"84KPL751":0.40491356152406,"41IJS406":3.5134259755154177,"67RTR294":7.9751829952701,"20JVH294":10.540156548647,"60RDH027":1.2320908662325,"01XRG709":0.71228801125151,"84SKX113":2.557493013523,"88QBG289":0.001507307126864791,"41VQV952":0.7062676249623905,"60EMS782":0.025443104191546,"23EIJ287":0.8946604742033846,"63JUS282":0.0002921429918382782,"43SJG353":0.45744160647092,"63DEX945":0.21719666875428,"67MEQ849":6.320289664145094e-7,"64VYF276":2.0788899412424,"41VAO500":0.12176999210892,"WBQ 320 ":0.000015211123692803088,"01ATH061":2.86914253455107,"64TKH920":2.7604604827041,"66WUI657":6.299675607006066e-7,"88LJE994":13.22783790233,"25KOI345":1.0569388538744,"82UAW773":0.12038764730288,"09XVI132":2.4291305902252,"00WEY909":0.000057005970150232328,"25IUY120":0.21088812556508333,"21SSN584":0.8398902704449589,"06IPE650":0.7301841201521973,"02UDE356":0.76239418054892,"23ONA005":2.2705622570479186,"05LXI405":0.0,"87NFJ570":4.868690996180544,"84JDF593":0.66911071578224,"42ZZG523":0.40626966208576,"28QQC649":0.0026839930799994608,"48OAV921":1.8844741518761108,"24XMB034":0.3291431797875387,"89NYM439":2.2456363419186728,"05JDL507":0.22982859214765,"20SGF442":0.062689900130421,"82GNO322":3.7686930397321,"82ZRL183":0.03287583737378755,"03YYL642":0.62991672765659,"64GUC577":7.473954069719184e-7,"24WUM117":0.48778705922804,"86FZI432":0.00014396635276079,"89TXZ487":0.15428536034755,"46HZF516":1.9389384101289,"64JUN748":6.4544282403631,"49BTB017":4.0775668566303,"23YGU449":0.089573192223955,"68MCC448":0.02756683659786,"25THL996":1.7941583084707,"02AJY433":0.000009660165466368198,"69PAB215":0.4052922406032,"44JSA965":0.2523112824904,"46MDS712":0.10005411760708868,"22AVS879":3.75810726920048,"00YUQ308":0.58068339838846,"05WMH156":2.8588087750765,"43BYU790":2.4582465656908,"49EDF681":0.000070483984446153,"68SDO315":1.1294491987316,"20OAL295":0.24611120559885,"83AUJ145":13.080601623041,"69XBT559":1.4075856226031,"02EYC166":0.097177535673413,"03ZMZ546":0.1978985164886,"29PJA302":0.35917879404415,"03NYG808":0.27758657302775,"22HBX516":0.0025537128060793,"44PVB067":0.000050843199642375,"20FNY991":1.6658928101603,"66XGT472":0.24340288850775,"85RAY132":2.7366457047442,"81NJV898":0.063860037297611,"84ZOZ845":0.5135825380336948,"66XLH250":1.505939040291273,"44VGL493":0.3412632188175,"24VFP265":0.091092315925355,"06JSH577":0.000052973285336047418,"87VIU889":0.0,"46XOU931":0.14102759643703,"63DFL965":1.345456887081,"61XQH803":1.4967993035177,"81TBF852":2.8511558054399,"68OJI679":2.0448224027606427,"07QNZ508":0.0,"87KKN119":4.9499744766779,"47ZKN905":3.3583129143341,"00KSY785":0.064050100709025,"07QCH702":0.000009581228968687356,"04NQR393":0.92598751388811,"04XDQ931":2.4759578639331,"46IET190":9.5551144163415,"09EOQ782":0.00008439818701799957,"08PGX261":2.9734887678153,"03GVB463":13.393064591758,"63BQW233":0.29042677328684,"04VJA251":1.441060768019,"26QPO257":0.2869574667397,"07CRE916":0.004969656162003231,"47BJG623":0.3329367157924,"89RJT980":0.06276701983440895,"67HCH306":1.485731024566,"43PNO067":0.000044548049412668,"65RGZ395":0.11050528026799,"41KJE230":0.61119935858336,"RZV 540 ":0.6741271809020762,"25JTF914":0.27411522122736,"26UGA952":1.0254899865494,"48WSL962":0.039168035390753,"89YOP549":0.37616843697263,"SWO 046 ":3.2523617147416,"00KTW648":0.13294793098305,"87HRC815":0.000077361072700471,"22NRQ598":0.9984527661208404,"25ZUL210":0.94345598459051,"03MRK342":0.071770598657856,"62IKT920":0.23672441436937,"08OSU548":0.293325517929,"06TCS254":0.000031713859319687,"26COT379":1.1435750499522,"66RFE698":0.36579735936574,"66MPJ759":3.8224625587463e-7,"67WNS782":0.16196673566605,"25YGS140":0.7933389234651064,"08IZS863":0.03446561771735362,"23GDT218":5.3541627901739,"25PLX931":0.000021779431521893,"22WAO241":0.10587693966736,"40QGE275":0.0,"21QEN937":0.0031381600253619,"22KLK740":3.12659742072,"07ABX496":0.0,"82MNL356":0.000006530897306744,"68KHM404":0.33500534509284,"64LQA174":0.0001166450044401,"29VVW812":1.3688235863653,"66KBJ304":4.0575092868938,"86JQY003":1.259758562505602,"43HGS845":1.8464103287415,"67MOS216":0.28891226200801,"41DXS174":1.00539910172,"06MRB940":0.070545498747524,"80WXM377":0.000058910740481922,"69OJH967":0.0,"44XYD137":6.0052173428997,"01GDV571":2.3137073979354,"83HFD459":0.045603061362759,"43JRG175":5.935899266623892e-7,"89WHG913":2.1706582504948,"00COU395":0.10892683912522,"66MJE338":3.4378878743233,"63YUY262":6.153124835109338e-7,"89VLS941":0.32455961711724,"45DGQ957":0.33526557555631,"47PPT315":5.5067396904792729,"47OPG020":0.0045707223897194,"67FBJ313":1.3249910212796,"08QID365":7.002607620670461e-7,"23ZQC608":0.10045804205342,"60ZRP570":0.0,"25OOL794":0.00011545299255475408,"69OBS962":1.1005113020127,"25WWO743":0.000005998046533204615,"WUV 337 ":1.3800305303394618,"09JKO840":0.070443923001587,"25XAL276":0.4033021110279856,"22CEE350":0.0,"48LSP505":0.96917510504723,"CWZ 185 ":0.6119787217647553,"42FRN612":0.00001192995245239581,"08OLI760":0.054047249575272,"HLG 262 ":0.8145608216015673,"48CVS690":1.0740632193759,"23VGH239":8.7832264852076,"85MLY943":0.94283324002748,"06JXY738":0.091620926486738,"23YHP006":0.02208539025761,"65EJD052":5.8215095611366,"62WCK402":0.11414227366098764,"NIW 691 ":2.8680826658955,"XDO 309 ":2.396832563487465,"80MIL779":0.0,"47DMT070":5.7616360111394,"41ZDE583":3.9267785959274,"62MNM082":0.022165180975931,"04PJI297":6.2186781807563,"62QFI851":0.056516877990648,"22IUC792":0.40684930979329,"27PQY682":3.2793183886727}