{"WUV 337 ":0.08093239493865515,"86JSE374":0.03669903138538257,"83TWL938":0.0,"42TMJ555":5.240980203566628,"45NRP462":0.000008554710745811462,"EPB 363 ":2.110584039728547,"66IHI434":0.08308168756958839,"05ARD075":0.000002595784261822701,"46BIR548":0.0,"29RXX644":0.000006674415685236455,"22SYI938":0.01358223188781738,"67VZK056":0.000009476201355457304,"05ZNI955":0.000022291230529546744,"67OTL481":0.0000014650346338748933,"02FUJ332":0.00003165421434491873,"89YWW907":0.00001688312201946974,"00IHE341":0.00004591068852692842,"06SKG591":0.00004990630483813583,"24OAH322":0.10810479498836584,"45SLS720":0.00002696451383829117,"61NFC337":0.0035806180322170268,"06AGT619":0.00000436111155654362,"86KJB498":0.00001883780088555068,"81XQJ464":0.00004152248471975325,"09YNV650":0.7182132485281311,"89XMV059":0.03880091788767837,"ANK 925 ":0.6561071568040255,"83TVY957":0.000024765033242292706,"42HPB270":0.01733299288169762,"63VHP701":0.0015945605915877984,"00SCI758":0.000027325166450813407,"61NSY322":1.3221152053995449,"26NVM698":0.0017696845061928033,"42GFQ465":0.0,"69HCA458":0.00003218157920613886,"84ZZL570":0.0,"81WBA581":0.00023835043752193453,"89NHB936":0.0,"40VKR111":0.000008790211088955402,"40UXM221":0.0001657824010318146,"04MOE570":0.0,"49CEP065":0.0,"UJZ 746 ":0.4909346984027796,"61ICX304":1.6170280869719994,"03HXE991":0.000008774658160284165,"65JVC735":0.0,"01NSJ938":0.8187239913553299,"PFW 092 ":0.3435387001463464}