{"00COU395":0.10892683912522,"65RGZ395":0.11050528026799,"03GVB463":13.393064591758,"60KCI225":0.00022789872524142,"87HRC815":7.7361072700471e-05,"00YUQ308":0.58068339838846,"08OLI760":0.054047249575272,"04NQR393":0.92598751388811,"07RIP908":0.79647232886947,"29VVW812":1.3688235863653,"46MDS712":0.10005411760709,"48CVS690":1.0740632193759,"26UGA952":1.0254899865494,"41MGL223":1.6734922967454,"66PIX982":0.72304346995396,"CWZ 185 ":0.74492682287453,"23VGH239":8.7832264852076,"63WQV090":0.05365776338169,"04PJI297":6.2186781807563,"67WNS782":0.16196673566605,"84SKX113":2.557493013523,"62MZC391":2.0927769505654,"49EDF681":7.0483984446153e-05,"45TUO286":0.043187311323507,"25OOL794":0.00011545299255475,"66ODJ407":2.9882248163223e-05,"43JRG175":5.9358992666239e-07,"60IOT144":13.067021560551,"25PLX931":2.1779431521893e-05,"40JDI886":0.00099110483277217,"27PQY682":3.2793183886727,"HLG 262 ":0.81456082160157,"43PNO067":4.4548049412668e-05,"41VAO500":0.12176999210892,"47PPT315":5.5067396904793,"41IYN600":0.00012639245939255,"63ZPK459":0.055472008260777,"22HBX516":0.0025537128060793,"25XAL276":0.40330211102799,"64LQA174":0.0001166450044401,"64GUC577":7.4739540697192e-07,"40KTC957":9.1337154338602e-05,"06TCS254":3.1713859319687e-05,"08JPB796":0.0050302457076284,"03WRC137":0.10944462386228,"89YOP549":0.37616843697263,"05ZED268":2.8520821295679e-05,"83AUJ145":13.080601623041,"65ZEU312":0.67350330658929,"40CFB046":0.056520718969499,"46IET190":9.5551144163415,"47BJG623":0.3329367157924,"09XVI132":2.4291305902252,"06SAD065":5.0233990619552,"45VPT090":1.1989254793698,"24JAY155":0.26670142512959,"25YGS140":0.79333892346511,"66XGT472":0.24340288850775,"06OHQ705":4.7196148504828,"88QBG289":0.0015073071268648,"22CEE350":0.0,"48WSL962":0.039168035390753,"80MIL779":0.0,"67MEQ849":6.3202896641451e-07,"87NFJ570":4.8686909961805,"22KLK740":3.12659742072,"81TBF852":2.8511558054399,"65EJD052":5.8215095611366,"23ZQC608":0.10045804205342,"83HFD459":0.045603061362759,"26COT379":1.1435750499522,"43SJG353":0.45744160647092,"60EMS782":0.025443104191546,"02AJY433":9.6601654663682e-06,"63YUY262":6.1531248351093e-07,"82UAW773":0.12038764730288,"25IUY120":0.21088812556508,"04VJA251":1.441060768019,"00JBC316":2.1919593773782e-07,"62QFI851":0.056516877990648,"07QCH702":9.5812289686874e-06,"85FVO051":1.8659599147473,"25KOI345":1.0569388538744,"86FZI432":0.00014396635276079,"41KJE230":0.61119935858336,"62IKT920":0.23672441436937,"44PVB067":5.0843199642375e-05,"01PCR838":0.85821638290883,"06JSH577":5.2973285336047e-05,"04MTY896":0.0059740856510676,"41NMT861":0.60475977435772,"29PJA302":0.35917879404415,"08IZS863":0.034465617717354,"47ZKN905":3.3583129143341,"81NJV898":0.063860037297611,"42WTR051":1.8571922480339,"65GIQ763":0.035142317203628,"89NYM439":2.2456363419187,"20EHR755":0.17563069526439,"82GNO322":3.7686930397321,"64GVO216":0.10392206395591,"28HXN290":0.016689182382757,"44JSA965":0.2523112824904,"04XDQ931":2.4759578639331,"02QOD433":0.31998585070825,"82ZRL183":0.032875837373788,"05CMY670":0.041786256130856,"62CSL440":2.3074523277926,"08OSU548":0.293325517929,"82VVM074":0.068981792074334,"87VIU889":0.0,"85MLY943":0.94283324002748,"68SDO315":1.1294491987316,"84ZOZ845":0.51358253803369,"08PGX261":2.9734887678153,"43FZJ239":0.02548550776044,"62UOM056":8.9809343889356e-06,"07QNZ508":0.0,"88HFJ142":0.050512222558406,"25JTF914":0.27411522122736,"89VLS941":0.32455961711724,"01XRG709":0.71228801125151,"47OPG020":0.0045707223897194,"24VFP265":0.091092315925355,"06IPE650":0.7301841201522,"41RWY553":1.0268830629531e-05,"42ZZG523":0.40626966208576,"66KBJ304":4.0575092868938,"WUV 337 ":5.4373527593432,"WBQ 320 ":1.5211123692803e-05,"25WWO743":5.9980465332046e-06,"01GDV571":2.3137073979354,"06UMO015":0.0,"68RDQ288":5.2198867368602,"49IBV793":0.19562924044184,"66MJE338":3.4378878743233,"68KHM404":0.33500534509284,"41ZDE583":3.9267785959274,"89MLK144":1.5422169623297,"60ZRP570":0.0,"43CAO091":0.00018231167019904,"09JKO840":0.070443923001587,"41DXS174":1.00539910172,"06BAT021":0.01103825713254,"68OJI679":2.0448224027606,"64VYF276":2.0788899412424,"22IUC792":0.40684930979329,"22WAO241":0.10587693966736,"67HCH306":1.485731024566,"88JVE557":0.13029371489152,"23GDT218":5.3541627901739,"02UDE356":0.76239418054892,"69EVZ614":2.515179117303,"22NRQ598":0.99845276612084,"08QID365":7.0026076206705e-07,"05LXI405":0.0,"85RAY132":2.7366457047442,"04JSP349":0.40230880276868,"00KTW648":0.13294793098305,"64JUN748":6.4544282403631,"03KOG277":1.1049221836361,"44EKO938":4.0255934279412e-06,"67MOS216":0.28891226200801,"67RTR294":7.9751829952701,"82IHC002":0.010087855703741,"41QVM479":0.023517362274488,"23YHP006":0.02208539025761,"84KPL751":0.40491356152406,"43BYU790":2.4582465656908,"89RJT980":0.062767019834409,"80WXM377":5.8910740481922e-05,"62WCK402":0.11414227366099,"05JDL507":0.22982859214765,"61FVA520":12.092589049357,"62MNM082":0.022165180975931,"05RIT780":10.439943277804,"26QPO257":0.2869574667397,"62HQQ550":2.9674254387617e-05,"49BTB017":4.0775668566303,"64TKH920":2.7604604827041,"82MNL356":6.530897306744e-06,"25ZUL210":0.94345598459051,"45DGQ957":0.33526557555631,"22AVS879":3.7581072692005,"87KKN119":4.9499744766779,"61XQH803":1.4967993035177,"23YGU449":0.089573192223955,"45FXM471":0.01101969191967,"42KRN180":4.1426520828127,"RZV 540 ":0.67412718090208,"  TEST  ":5.1179724156454,"03YYL642":0.62991672765659,"07CRE916":0.0049696561620032,"66FHT343":1.2001750666648e-05,"84QWI242":0.0091909244637452,"41VQV952":0.70626762496239,"03ZMZ546":0.1978985164886,"00KSY785":0.064050100709025,"21SSN584":0.83989027044496,"66MPJ759":3.8224625587463e-07,"69OJH967":0.0,"41IJS406":3.5134259755154,"20OAL295":0.24611120559885,"20SGF442":0.062689900130421,"69XBT559":1.4075856226031,"24XWR740":0.076219045289738,"68MCC448":0.02756683659786,"43EPB871":0.37700157358897,"28QQC649":0.0026839930799995,"46XOU931":0.14102759643703,"40BNQ487":2.2670488591453,"07ABX496":0.0,"03MRK342":0.071770598657856,"24WUM117":0.48778705922804,"69OBS962":1.1005113020127,"03XQF811":0.02941107188743,"00WEY909":5.7005970150232e-05,"63JUS282":0.00029214299183828,"83NTR526":0.00032143090370391,"81BSN017":0.025670458649942,"85BDV951":0.19665231880841,"41TDJ322":0.003614115819814,"01OUW021":3.7835023462544,"48LSP505":0.96917510504723,"86JQY003":1.2597585625056,"00BEA534":2.5202199294121,"NIW 691 ":2.8680826658955,"49KSM609":0.018843287580276,"88LJE994":13.22783790233,"47DMT070":5.7616360111394,"02EYC166":0.097177535673413,"43HGS845":1.8464103287415,"44XYD137":6.0052173428997,"66XLH250":1.5059390402913,"41EJM254":0.34028754126432,"63DEX945":0.21719666875428,"XDO 309 ":2.3968325634875,"69WHY705":0.00011675056330953,"09EOQ782":8.4398187018e-05,"89TOO953":1.2299389892691,"DRJ 360 ":1.3863102014366,"48OAV921":1.8844741518761,"05CVG557":1.6153202673858,"21QEN937":0.0031381600253619,"68GWB270":0.099873932777384,"20JVH294":10.540156548647,"41VPD699":5.321794961812e-06,"69PAB215":0.4052922406032,"81FFX788":0.039336003808305,"23EIJ287":0.89466047420338,"44VGL493":0.3412632188175,"01ATH061":2.8691425345511,"66WUI657":6.2996756070061e-07,"46HZF516":1.9389384101289,"05WMH156":2.8588087750765,"63BQW233":0.29216830853482,"84JDF593":0.66911071578224,"25WUZ068":3.8049361894839e-05,"60RDH027":1.2320908662325,"25THL996":1.7941583084707,"06WTR163":2.4011821101474,"06JXY738":0.091620926486738,"66RFE698":0.36579735936574,"24XMB034":0.32914317978754,"SWO 046 ":3.2523617147416,"65LPE438":0.98939563462252,"00YDS075":3.055957656252,"66BOX046":4.3240284640342e-05,"42FRN612":1.1929952452396e-05,"06MRB940":0.070545498747524,"68ITM758":0.015771395800006,"89WHG913":2.1706582504948,"03NYG808":0.27758657302775,"20FNY991":1.6658928101603,"40QGE275":0.0,"23ONA005":2.2705622570479,"86TWV462":3.9883064206224e-06,"88FAS129":4.5607869210653e-06,"89TXZ487":0.15428536034755,"63DFL965":1.345456887081,"67FBJ313":1.3249910212796}