{"08JPB796":0.0050302457076284,"69EVZ614":2.515179117303,"88LJE994":13.22783790233,"43EIB474":0.00011460417400673032,"82ZRL183":0.032875837373788,"48OAV921":1.8844741518761,"84ZOZ845":0.51358253803369,"23YGU449":0.089573192223955,"43PNO067":0.000044548049412668,"86JQY003":1.2597585625056,"04PJI297":6.2186781807563,"06SAD065":5.0233990619552,"63JUS282":0.00029214299183828,"08QID365":7.0026076206705e-7,"47ZKN905":3.3583129143341,"65GIQ763":0.035142317203628,"08OSU548":0.293325517929,"87KKN119":4.9499744766779,"21RWX081":0.00021245883212517948,"66BOX046":0.000043240284640342,"46HYM285":12.208454341630853,"84SKX113":2.557493013523,"25PLX931":0.000021779431521893,"26QPO257":0.2869574667397,"62CSL440":2.3074523277926,"62QFI851":0.056516877990648,"45FXM471":0.01101969191967,"04NQR393":0.92598751388811,"65LPE438":0.98939563462252,"46IET190":9.5551144163415,"64GVO216":0.10392206395591,"06JXY738":0.091620926486738,"43CAO091":0.00018231167019904,"40CFB046":0.056520718969499,"44PVB067":0.000050843199642375,"61XQH803":1.4967993035177,"06TCS254":0.000031713859319687,"20JVH294":10.540156548647,"62UOM056":0.0000089809343889356,"46MDS712":0.10005411760709,"64JUN748":6.4544282403631,"25JTF914":0.27411522122736,"68KHM404":0.33500534509284,"42WTR051":1.8571922480339,"69OBS962":1.1005113020127,"84KPL751":0.40491356152406,"45DGQ957":0.33526557555631,"40KTC957":0.000091337154338602,"28QQC649":0.0026839930799995,"43SJG353":0.45744160647092,"43BYU790":2.4582465656908,"03NYG808":0.27758657302775,"NIW 691 ":2.8680826658955,"00YDS075":3.055957656252,"44XYD137":6.0052173428997,"02EYC166":0.097177535673413,"65EJD052":5.8215095611366,"47DMT070":5.7616360111394,"08OLI760":0.054047249575272,"66MJE338":3.4378878743233,"89TXZ487":0.15428536034755,"47OPG020":0.0045707223897194,"00KTW648":0.13294793098305,"24VFP265":0.091092315925355,"05JDL507":0.22982859214765,"69WHY705":0.00011675056330953,"01GDV571":2.3137073979354,"01XRG709":0.71228801125151,"42KRN180":4.1426520828127,"03ZMZ546":0.1978985164886,"63DFL965":1.345456887081,"86FZI432":0.00014396635276079,"84JDF593":0.66911071578224,"41RWY553":0.000010268830629531,"67MEQ849":6.3202896641451e-7,"42VSC602":0.19781689082488738,"48WSL962":0.039168035390753,"41MGL223":1.6734922967454,"40JDI886":0.00099110483277217,"85BDV951":0.19665231880841,"61FVA520":12.092589049357,"60RDH027":1.2320908662325,"05CVG557":1.6153202673858,"21QEN937":0.0031381600253619,"41DXS174":1.00539910172,"60IOT144":13.067021560551,"03WRC137":0.10944462386228,"06BAT021":0.01103825713254,"26UGA952":1.0254899865494,"66KBJ304":4.0575092868938,"02UDE356":0.76239418054892,"06JSH577":0.000052973285336047,"05CMY670":0.041786256130856,"25IUY120":0.21088812556508,"44CBB665":0.75572448394163,"07QNZ508":0.0,"25ZUL210":0.94345598459051,"49BTB017":4.0775668566303,"04XDQ931":2.4759578639331,"87HRC815":0.000077361072700471,"03XQF811":0.02941107188743,"03MRK342":0.071770598657856,"62IKT920":0.23672441436937,"22AVS879":3.7581072692005,"22NRQ598":0.99845276612084,"05RIT780":10.439943277804,"41KJE230":0.61119935858336,"43FZJ239":0.02548550776044,"24WUM117":0.48778705922804,"HLG 262 ":2.751422344323728,"WUV 337 ":7.994532024678068,"SWO 046 ":3.2523617147416,"81BSN017":0.025670458649942,"25OOL794":0.00011545299255475,"44EKO938":0.0000040255934279412,"01ATH061":2.8691425345511,"67FBJ313":1.3249910212796,"25WUZ068":0.000038049361894839,"45TUO286":0.043187311323507,"88QBG289":0.0015073071268648,"23VGH239":8.7832264852076,"24XMB034":0.32914317978754,"22IUC792":0.40684930979329,"41EJM254":0.34028754126432,"05WMH156":2.8588087750765,"RZV 540 ":0.67412718090208,"68OJI679":2.0448224027606,"09JKO840":0.070443923001587,"44VGL493":0.3412632188175,"06UMO015":0.0,"67MOS216":0.28891226200801,"66FHT343":0.000012001750666648,"23QBA543":0.8977992482092754,"00COU395":0.10892683912522,"48CVS690":1.0740632193759,"89RJT980":0.062767019834409,"24XWR740":0.076219045289738,"45VPT090":1.1989254793698,"64GUC577":7.4739540697192e-7,"22WAO241":0.10587693966736,"23ZQC608":0.10045804205342,"06OHQ705":4.7196148504828,"20OAL295":0.24611120559885,"29VVW812":1.3688235863653,"41NMT861":0.60475977435772,"  TEST  ":5.1179724156454,"26COT379":1.1435750499522,"82NVG164":0.000024683314237743616,"47NZX546":0.000008323495561257005,"07RIP908":0.79647232886947,"44POK485":0.9925770516339818,"27ZEK744":1.2933829487761524,"09XVI132":2.4291305902252,"45EVI015":1.704800280255688,"07TST271":20.92993840435123,"49KEQ123":0.5550075297247872,"20RYV301":0.011016036070513604,"05LXI405":0.0,"65RGZ395":0.11050528026799,"89WHG913":2.1706582504948,"04MTY896":0.0059740856510676,"82IHC002":0.010087855703741,"00KSY785":0.064050100709025,"CWZ 185 ":0.74492682287453,"81TBF852":2.8511558054399,"60EMS782":0.025443104191546,"49KSM609":0.018843287580276,"81NJV898":0.063860037297611,"04JSP349":0.40230880276868,"41VQV952":0.70626762496239,"20SGF442":0.062689900130421,"87VIU889":0.0,"08PGX261":2.9734887678153,"60KCI225":0.00022789872524142,"68RDQ288":5.2198867368602,"03YYL642":0.62991672765659,"87NFJ570":4.8686909961805,"22HBX516":0.0025537128060793,"06MRB940":0.070545498747524,"40QGE275":0.0,"82UAW773":0.12038764730288,"62MNM082":0.022165180975931,"64TKH920":2.7604604827041,"20FNY991":1.6658928101603,"89NYM439":2.2456363419187,"83HFD459":0.045603061362759,"69OJH967":0.0,"23GDT218":5.3541627901739,"85FVO051":1.8659599147473,"23EIJ287":0.89466047420338,"68ITM758":0.015771395800006,"84RMO890":0.29889413300977477,"47BJG623":0.3329367157924,"68MCC448":0.02756683659786,"44JSA965":0.2523112824904,"84QWI242":0.0091909244637452,"06IPE650":0.7301841201522,"44WRJ289":0.877207317649553,"00BEA534":2.5202199294121,"88HFJ142":0.050512222558406,"82VVM074":0.068981792074334,"66WUI657":6.2996756070061e-7,"03KOG277":1.1049221836361,"63WQV090":0.05365776338169,"29PJA302":0.35917879404415,"85MLY943":0.94283324002748,"83AUJ145":13.080601623041,"62WCK402":0.11414227366099,"46XOU931":0.14102759643703,"68SDO315":1.1294491987316,"80WXM377":0.000058910740481922,"88JVE557":0.13029371489152,"25XAL276":0.40330211102799,"89VLS941":0.32455961711724,"20EHR755":0.17563069526439,"85RAY132":2.7366457047442,"25KOI345":1.0569388538744,"41ZDE583":3.9267785959274,"41VPD699":0.000005321794961812,"67RTR294":7.9751829952701,"69PAB215":0.4052922406032,"28HXN290":0.016689182382757,"00WEY909":0.000057005970150232,"01PCR838":0.85821638290883,"62MZC391":2.0927769505654,"22CEE350":0.0,"66RFE698":0.36579735936574,"41QVM479":0.023517362274488,"03GVB463":13.393064591758,"25THL996":1.7941583084707,"42ZZG523":0.40626966208576,"24JAY155":0.26670142512959,"02AJY433":0.0000096601654663682,"XDO 309 ":2.3968325634875,"64LQA174":0.0001166450044401,"65ZEU312":0.67350330658929,"00YUQ308":0.58068339838846,"89YOP549":0.37616843697263,"86TWV462":0.0000039883064206224,"DRJ 360 ":1.3863102014366,"68GWB270":0.099873932777384,"81FFX788":0.039336003808305,"40BNQ487":2.2670488591453,"06WTR163":2.4011821101474,"83NTR526":0.00032143090370391,"43EPB871":0.37700157358897,"07QCH702":0.0000095812289686874,"01OUW021":3.7835023462544,"07ABX496":0.0,"07CRE916":0.0049696561620032,"63DEX945":0.21719666875428,"66XGT472":0.24340288850775,"63JNB371":6.911631922137756,"63YUY262":6.1531248351093e-7,"69XBT559":1.4075856226031,"22KLK740":3.12659742072,"09EOQ782":0.000084398187018,"08IZS863":0.034465617717354,"63ZPK459":0.055472008260777,"04VJA251":1.441060768019,"48LSP505":0.96917510504723,"42FRN612":0.000011929952452396,"23ONA005":2.2705622570479,"21SSN584":0.83989027044496,"67HCH306":1.485731024566,"41TDJ322":0.003614115819814,"41VAO500":0.12176999210892,"25YGS140":0.79333892346511,"27PQY682":3.2793183886727,"62HQQ550":0.000029674254387617,"43JRG175":5.9358992666239e-7,"43HGS845":1.8464103287415,"41IYN600":0.00012639245939255,"60ZRP570":0.0,"05ZED268":0.000028520821295679,"47PPT315":5.5067396904793,"82GNO322":3.7686930397321,"66MPJ759":3.8224625587463e-7,"82MNL356":0.000006530897306744,"23YHP006":0.02208539025761,"25WWO743":0.0000059980465332046,"89MLK144":1.5422169623297,"41IJS406":3.5134259755154,"66XLH250":1.5059390402913,