{"08CJZ064":0.0,"83JKT472":0.0,"29HMS178":0.0,"09PMN083":0.0,"22BYQ776":0.3826815520897,"65TCD065":4.8419067625807,"87FDC168":2.1405306522145,"81WBA581":0.00023835043752193,"60ZWT064":2.3744969683683,"PFW 092 ":1.1351706909267,"KUQ 181 ":52.644930923002,"25IEY453":0.038649094521943,"65BXB832":0.2457670107646,"26TCU392":4.4677070081234e-05,"GDJ 725 ":0.55806747511108,"65RAT627":0.91620454275096,"65HOU212":0.0,"09BNS489":5.7658814683557e-05,"84WLS304":0.0,"86EKS883":0.00044940305752493,"87GHC954":0.0,"66PLB948":7.6925065023825e-05,"86KJB498":1.8837800885551e-05,"85NDG143":0.0,"40YRP171":0.2695528755371,"47XLT255":0.0,"00GFV923":2.5021994238719e-05,"80LOF068":0.81657977662672,"63CZC562":0.00037178171941638,"88HUV089":17.180012588383,"24GPI918":1.2236709954161,"04LPO593":0.0,"88FUK323":0.81780703673902,"68MPM026":5.2817078708542,"87TKC336":0.0,"21SPA499":2.5522260921019,"02QST550":0.00025345264937449,"FKT 016 ":2.3026980997839,"64GBE184":2.8924378256081e-05,"22DVH449":0.0,"04WGD582":5.2747206011203,"00IHE341":4.5910688526928e-05,"45WXM841":0.0,"87FMN802":0.0,"60CBT538":0.0,"81LNL977":0.0017897369151455,"66DHR771":0.10712157469591,"63UXV940":9.3288282034269,"60TFE777":0.0,"48PEK053":0.94908445736964,"45PFY741":0.012777601076782,"67GWC512":0.0,"61GOA662":0.063034898090833,"FJL 896 ":0.086202026296279,"21OLZ830":0.0,"22QKN095":0.0,"83GXQ019":3.3369838774606,"20IDM436":9.751065712224,"07CSI699":0.0,"60FYH853":0.00010883715644293,"43EAD729":1.4266969443495,"01TUZ884":2.1328734755516e-06,"65JTM083":7.0504606435364,"25TYH109":0.0,"40QCN557":0.97310151734181,"80LXP743":1.0516706800062,"01WBA620":0.0,"62NCX204":0.0,"04MXL201":0.00053919040612131,"24JMP632":9.058750524762,"08GVQ372":0.0,"27AQV006":0.0,"65EAT627":0.0,"07ZCO520":0.0,"04KNB752":0.5427656274569,"03XQF811":0.55764378729042,"05RWG118":3.1978087082505e-05,"88EVY447":0.0,"81IOX099":1.186987458542e-05,"88QHG895":0.0,"47ZOG369":2.9678054358062,"20YNB497":10.638011240037,"09PLY167":2.076619001152e-05,"43MVI435":0.0,"MBC 772 ":9.1795983910561e-06,"FBA 968 ":4.099228201755,"88NBV826":0.0,"09LSU663":0.0,"07EAW028":0.0,"20VEM860":0.0,"84IZY699":0.0,"88KXT436":0.0,"60XHF137":0.78851208806743,"62TST655":0.0,"04LVB362":0.0,"47YGK068":0.0,"07BKJ737":0.0,"82YSX394":0.0,"41XEV608":0.0,"89YWW907":1.688312201947e-05,"65ABF460":16.945331640833,"00MAC848":0.0001257154401429,"63ILI456":0.001588209516814,"82RNO451":0.14242857437842,"40BDA971":7.2308587817475e-05,"04HXN744":0.00090741277347668,"06MGN797":9.2554533026114,"27JGA767":0.0,"05ARG641":0.00012286898568459,"46BKC621":14.904819812184,"84EGM339":0.0,"SSZ 463 ":0.00064923932702733,"29DZY983":3.0989094558102,"04WIO677":0.21392012365456,"MIT 725 ":25.723262063232,"42RLS490":0.0,"29NND521":0.0,"80WBF420":0.0,"23NAI201":0.0,"61NFC337":0.003580618032217,"UHK 898 ":55.326406769602,"22NGG953":1.3079664832415,"83NZA799":0.0,"07GVN766":2.4175042814067,"48PMR945":0.48775975490247,"03KZS942":0.0,"69XXL094":0.0,"28UVG927":0.0,"85YTM554":0.00092939525323827,"82AOG343":0.30438879446287,"89NHB936":0.0,"IDY 352 ":0.021610990357596,"47QSW242":6.1824790865176,"24HYU889":1.387580174974,"08XSL066":0.077455272232471,"07TJQ617":0.0,"82BYN976":2.0592312047354,"01WUI292":0.0,"60BEM951":5.724358632043e-05,"86VYB532":0.0,"UEV 347 ":5.0610959767012,"04LOB313":0.0,"49LRI982":5.2246610702333,"85YLQ346":1.5200680527293,"88MZL688":0.0,"86XRZ931":0.0,"06SKG591":4.9906304838136e-05,"01FHR899":0.0,"03KYW225":1.5574074804435,"06VMK366":2.9051399855002,"67XUA909":25.456645709309,"62VJJ316":7.1572129279375e-06,"44IQL855":7.6495359679019,"24BPH109":0.0,"80EGS065":0.0,"48GXR108":0.0,"04HPD144":0.0,"HUY 926 ":1.7339882622257,"42HPB270":0.017332992881698,"69HCA458":3.2181579206139e-05,"45SDP344":0.0,"85RME756":2.4183022607957,"66IHI434":0.083081687569588,"APB 590 ":0.61643078057356,"26EYZ973":0.00029545398004353,"NOY 585 ":21.229206116437,"24QGK806":0.0,"64OPT506":0.0,"47TJP503":0.037928699060421,"63CMX564":0.46664652361166,"02PTG194":0.0,"64ICX722":0.0,"CVS 595 ":27.275893584416,"48HHL004":6.2979854366124,"80EKP118":0.0,"80EBI486":0.0,"89NOV481":0.00037338944180869,"20PEG513":6.0522569370456e-05,"46EYF084":1.130754660772,"63HPV129":0.0,"65LRR521":0.00014826083820907,"45HEY054":0.00014758949108049,"88VYU875":0.0,"29FAY076":20.320597377801,"82EBV956":0.068353246126559,"28EDF119":6.4831065616199,"05WVL786":0.0,"06IEM535":1.4571001464639,"26JXU228":0.03082919408883,"28MQN121":0.0,"04IGJ493":4.6173818036914e-07,"07ZAA540":0.8410640458829,"21LTZ994":5.4717898814008e-05,"68GWB270":0.0001728309693262,"61FOC800":0.0,"65WUJ407":1.8367931289852,"40YKV625":0.0,"68YOM674":0.0,"61VBM609":8.0001449260515,"YOP 929 ":40.268514141363,"29UZS392":0.0014443144773692,"01GHZ661":1.8575318160796,"06RQB987":4.3729298037241,"08RRR695":14.40753041974,"05ROR098":9.8648376191966e-05,"65TXG076":4.1257946684969,"02BAR704":0.0,"80AUV549":0.0,"22UWM969":0.0,"PGE 494 ":2.041346198932,"42QKS839":11.380743191311,"68CUA800":2.6912899654359e-05,"25ERB819":0.48327335613244,"48ZCW260":15.542973502353,"44JIZ719":0.0,"40XKA836":0.13170239668903,"66DGK996":0.44017657037633,"09YNV650":0.71821324852813,"26CMH985":0.0,"84KZI904":5.8163537480717,"UJZ 746 ":0.53057612340469,"00RMW961":11.799569005554,"63HHD311":0.0,"89CRX972":0.88965858712995,"82LFW411":0.0,"82XUC226":0.28356635747408,"65DGS106":0.0,"09RGQ951":0.0,"46YDS841":0.13041875363681,"60SKM973":2.3665011126899,"67OTL481":1.4650346338749e-06,"05GXK622":1.2987327932526,"60NQU684":1.5216461867094e-06,"88HJQ283":0.0,"47BSN595":17.323965843432,"KSA 914 ":1.0972818128607,"TBW 921 ":0.59412659835507,"29VEF248":0.0,"60RTQ503":6.8122567087412e-06,"49UBN996":0.0,"89PFR686":0.0,"68WYR469":0.0,"06MQK024":0.0,"21KOO218":8.9619989320636e-07,"85UBL774":0.0,"04ADE519":7.0954569547204e-05,"62WLR354":11.19877594521,"45KNT961":0.0,"24DZN703":3.8823805822365,"27HVE813":23.562562708242,"81IXA315":1.9355535207111,"88EHP923":0.0,"80LXM030":0.0,"25OZP986":0.022304836366922,"49LEY312":0.0,"43EIB474":9.7285413379647,"GGV 398 ":0.094949492550963,"29QPE891":4.4006631914906,"21DYH259":0.0,"80VLY859":1.111411218098,"22VAU472":0.023949867816388,"04QVQ453":0.35214493572623,"67UNX055":0.0,"27OEN110":0.052246987163689,"44GSM549":0.041708770016178,"48YIH133":0.0,"64APQ369":0.0,"20WXR931":8.2874228881078,"25QBX422":12.870510093554,"42DBO834":2.4711957379815,"45AIU482":1.0427805400294,"08WRF281":2.5088527112784,"00XZT148":0.0,"68RTV105":4.6724352543242e-05,"02UQC879":7.7993803138845e-05,"61BUN279":3.6467456070614,"06OLK069":2.9200032349346,"09ASX247":0.017855067714569,"02DLF914":3.2950636492318,"81IPD160":15.209171560719,"05GTZ374":0.0,"40LFM142":0.0,"02AZG820":0.0,"25HLN037":0.0,"01DXZ787":0.0,"60PFK950":0.00017931765491143,"62EOP190":1.0424490664154e-05,"68ZRN809":0.033625690607937,"07HXI323":10.359779162427,"05LGI776":0.0,"81XQJ464":4.1522484719753e-05,"01MJV498":0.0,"40VKR111":8.7902110889554e-06,"25YVI515":1.1103314012774,"47KFX729":0.0055509124490849,"28LIN518":1.6904670404852,"65GLS591":0.0,"23HHE426":0.85712714187874,"46GZF179":0.0,"86UTQ067":0.0,"09ZDD089":0.52541204206982,"22WAO241":0.0,"28HPB655":0.0,"EPB 363 ":2.110633232846,"87CCB921":0.74550581389424,"23PVS040":0.0,"48EPW416":4.1379098502785,"27RFK769":4.4957394081056,"24GLO624":0.0,"87CNL455":1.389329092484e-05,"07UMT674":0.57940261759706,"05PJE695":0.3372200951759,"28JYO899":0.0,"21IYH490":0.0,"60QPQ979":0.70597629763419,"22SYI938":0.013582231887817,"20SUW413":5.0639012686908e-05,"28JPE192":0.0,"87GZF578":0.27221238739039,"46BIR548":0.0,"01GWX254":0.43544118136278,"48SFC357":0.0,"64MKA149":0.0,"67FEM210":1.7002573634265e-05,"48JOM302":2.4120470681693e-05,"09RIF140":0.00010254503900651,"84BCZ493":0.0,"69VGJ718":0.0,"XLZ 213 ":24.713327442546,"40CXJ259":1.7087422056208,"28VAA345":0.0,"84JIZ877":3.9958254703267,"67BIL267":1.575088966445,"41JVG220":6.2611775072291e-06,"87MND120":0.0,"84DKX804":3.0341008543968e-05,"60XYS873":0.0,"69XQJ104":0.0,"42TMJ555":5.2409802035666,"DOI 127 ":2.276748483407,"04ORR965":0.0,"81CFK319":0.0,"68QYD211":3.997917336721,"48UKQ470":0.0,