{"82UAW773":0.12038764730288,"49EDF681":7.0483984446153e-05,"22IUC792":0.40684930979329,"41VAO500":0.12176999210892,"23YHP006":0.02208539025761,"86FZI432":0.00014396635276079,"04VJA251":1.441060768019,"48WSL962":0.039168035390753,"81NJV898":0.063860037297611,"23VGH239":8.7832264852076,"24WUM117":0.48778705922804,"65EJD052":5.8215095611366,"44JSA965":0.2523112824904,"48LSP505":0.96917510504723,"02UDE356":0.76239418054892,"41KJE230":0.61119935858336,"23YGU449":0.089573192223955,"47BJG623":0.3329367157924,"64VYF276":2.0788899412424,"43CAO091":0.00018231167019904,"49BTB017":4.0775668566303,"42ZZG523":0.40626966208576,"82MNL356":6.530897306744e-06,"46IET190":9.5551144163415,"82GNO322":3.7686930397321,"85MLY943":0.94283324002748,"62MNM082":0.022165180975931,"43BYU790":2.4582465656908,"83HFD459":0.045603061362759,"45DGQ957":0.33526557555631,"69XBT559":1.4075856226031,"43SJG353":0.45744160647092,"68ITM758":0.015771395800006,"00YDS075":3.055957656252,"08OSU548":0.293325517929,"04XDQ931":2.4759578639331,"41TDJ322":0.003614115819814,"61XQH803":1.4967993035177,"03YYL642":0.62991672765659,"46XOU931":0.14102759643703,"05JDL507":0.22982859214765,"26COT379":1.1435750499522,"63DEX945":0.21719666875428,"65GIQ763":0.035142317203628,"63WQV090":0.05365776338169,"89WHG913":2.1706582504948,"05WMH156":2.8588087750765,"62IKT920":0.23672441436937,"41DXS174":1.00539910172,"47DMT070":5.7616360111394,"08PGX261":2.9734887678153,"44XYD137":6.0052173428997,"45FXM471":0.01101969191967,"69OBS962":1.1005113020127,"67WNS782":0.16196673566605,"02EYC166":0.097177535673413,"64LQA174":0.0001166450044401,"89VLS941":0.32455961711724,"44VGL493":0.3412632188175,"81FFX788":0.039336003808305,"62QFI851":0.056516877990648,"06TCS254":3.1713859319687e-05,"41ZDE583":3.9267785959274,"67MOS216":0.28891226200801,"85BDV951":0.19665231880841,"00KSY785":0.064050100709025,"25KOI345":1.0569388538744,"09JKO840":0.070443923001587,"42WTR051":1.8571922480339,"03MRK342":0.071770598657856,"60RDH027":1.2320908662325,"27PQY682":3.2793183886727,"41MGL223":1.6734922967454,"64JUN748":6.4544282403631,"66MJE338":3.4378878743233,"02QOD433":0.31998585070825,"65RGZ395":0.11050528026799,"25PLX931":2.1779431521893e-05,"25THL996":1.7941583084707,"00COU395":0.10892683912522,"85RAY132":2.7366457047442,"48CVS690":1.0740632193759,"06WTR163":2.4011821101474,"06SAD065":5.0233990619552}