{"63YUY262":6.1531248351093e-07,"47ZKN905":3.3583129143341,"68MCC448":0.02756683659786,"06JXY738":0.091620926486738,"25PLX931":2.1779431521893e-05,"67MOS216":0.28891226200801,"01OUW021":3.7835023462544,"22KLK740":3.12659742072,"04NQR393":0.92598751388811,"62MNM082":0.022165180975931,"06IPE650":0.7301841201522,"03MRK342":0.071770598657856,"41IJS406":3.5134259755154,"03ZMZ546":0.1978985164886,"06UMO015":0.0,"05JDL507":0.22982859214765,"21SSN584":0.83989027044496,"83AUJ145":13.080601623041,"09XVI132":2.4291305902252,"25ZUL210":0.94345598459051,"07CRE916":0.0049696561620032,"66XGT472":0.24340288850775,"49EDF681":7.0483984446153e-05,"68OJI679":2.0448224027606,"06OHQ705":4.7196148504828,"41KJE230":0.61119935858336,"25KOI345":1.0569388538744,"63DFL965":1.345456887081,"29VVW812":1.3688235863653,"24XMB034":0.32914317978754,"20OAL295":0.24611120559885,"86FZI432":0.00014396635276079,"CWZ 185 ":0.61197872176476,"SWO 046 ":3.2523617147416,"68RDQ288":5.2198867368602,"WBQ 320 ":1.5211123692803e-05,"08OLI760":0.054047249575272,"66PIX982":0.72304346995396,"23EIJ287":0.89466047420338,"06WTR163":2.4011821101474,"64JUN748":6.4544282403631,"85RAY132":2.7366457047442,"43HGS845":1.8464103287415,"00KTW648":0.13294793098305,"RZV 540 ":0.67412718090208,"62IKT920":0.23672441436937,"03YYL642":0.62991672765659,"06SAD065":5.0233990619552,"25XAL276":0.40330211102799,"82GNO322":3.7686930397321,"08QID365":7.0026076206705e-07,"63ZPK459":0.055472008260777,"27PQY682":3.2793183886727,"22IUC792":0.40684930979329,"49BTB017":4.0775668566303,"62QFI851":0.056516877990648,"04PJI297":6.2186781807563,"60EMS782":0.025443104191546,"20JVH294":10.540156548647,"89WHG913":2.1706582504948,"08IZS863":0.034465617717354,"69PAB215":0.4052922406032,"80MIL779":0.0,"88LJE994":13.22783790233,"46XOU931":0.14102759643703,"XDO 309 ":2.3968325634875,"80WXM377":5.8910740481922e-05,"66WUI657":6.2996756070061e-07,"NIW 691 ":2.8680826658955,"03NYG808":0.27758657302775,"24VFP265":0.091092315925355,"62WCK402":0.11414227366099,"00JBC316":2.1919593773782e-07,"64LQA174":0.0001166450044401,"65EJD052":5.8215095611366,"23YHP006":0.02208539025761,"46IET190":9.5551144163415,"85MLY943":0.94283324002748,"23VGH239":8.7832264852076,"81TBF852":2.8511558054399,"87VIU889":0.0,"67RTR294":7.9751829952701,"25IUY120":0.21088812556508,"85BDV951":0.19665231880841,"48OAV921":1.8844741518761,"48CVS690":1.0740632193759,"63DEX945":0.21719666875428,"07QCH702":9.5812289686874e-06,"42FRN612":1.1929952452396e-05,"69OBS962":1.1005113020127,"67HCH306":1.485731024566,"86JQY003":1.2597585625056,"00YDS075":3.055957656252,"22CEE350":0.0,"09JKO840":0.070443923001587,"WUV 337 ":1.3800305303395,"25WWO743":5.9980465332046e-06,"25OOL794":0.00011545299255475,"60ZRP570":0.0,"25JTF914":0.27411522122736,"87NFJ570":4.8686909961805,"43SJG353":0.45744160647092,"67FBJ313":1.3249910212796,"47OPG020":0.0045707223897194,"66KBJ304":4.0575092868938,"69EVZ614":2.515179117303,"66MJE338":3.4378878743233,"22WAO241":0.10587693966736,"22AVS879":3.7581072692005,"45DGQ957":0.33526557555631,"89VLS941":0.32455961711724,"63WQV090":0.05365776338169,"DRJ 360 ":1.3863102014366,"41ZDE583":3.9267785959274,"43JRG175":5.9358992666239e-07,"84SKX113":2.557493013523,"41NMT861":0.60475977435772,"83HFD459":0.045603061362759,"01GDV571":2.3137073979354,"04XDQ931":2.4759578639331,"82ZRL183":0.032875837373788,"84ZOZ845":0.51358253803369,"44XYD137":6.0052173428997,"69OJH967":0.0,"06JSH577":5.2973285336047e-05,"46HZF516":1.9389384101289,"68KHM404":0.33500534509284,"06MRB940":0.070545498747524,"41DXS174":1.00539910172,"82MNL356":6.530897306744e-06,"84JDF593":0.66911071578224,"07ABX496":0.0,"82UAW773":0.12038764730288,"65LPE438":0.98939563462252,"40QGE275":0.0,"01XRG709":0.71228801125151,"25YGS140":0.79333892346511,"47PPT315":5.5067396904793,"68ITM758":0.015771395800006,"69XBT559":1.4075856226031,"47DMT070":5.7616360111394,"00YUQ308":0.58068339838846,"06TCS254":3.1713859319687e-05,"09EOQ782":8.4398187018e-05,"02AJY433":9.6601654663682e-06,"66MPJ759":3.8224625587463e-07,"07RIP908":0.79647232886947,"05LXI405":0.0,"00WEY909":5.7005970150232e-05,"20SGF442":0.062689900130421,"03GVB463":13.393064591758,"23ONA005":2.2705622570479,"44JSA965":0.2523112824904,"89TXZ487":0.15428536034755,"89RJT980":0.062767019834409,"08OSU548":0.293325517929,"64TKH920":2.7604604827041,"87HRC815":7.7361072700471e-05,"44VGL493":0.3412632188175,"89YOP549":0.37616843697263,"48WSL962":0.039168035390753,"61XQH803":1.4967993035177,"46MDS712":0.10005411760709,"26UGA952":1.0254899865494,"89NYM439":2.2456363419187,"26QPO257":0.2869574667397,"66BOX046":4.3240284640342e-05,"63BQW233":0.29042677328684,"23ZQC608":0.10045804205342,"65RGZ395":0.11050528026799,"43PNO067":4.4548049412668e-05,"48LSP505":0.96917510504723,"40CFB046":0.056520718969499,"28QQC649":0.0026839930799995,"85FVO051":1.8659599147473,"47BJG623":0.3329367157924,"04VJA251":1.441060768019,"08PGX261":2.9734887678153,"02UDE356":0.76239418054892,"00KSY785":0.064050100709025,"64GUC577":7.4739540697192e-07,"88QBG289":0.0015073071268648,"02QOD433":0.31998585070825,"43EPB871":0.37700157358897,"81FFX788":0.039336003808305,"03XQF811":0.02941107188743,"26COT379":1.1435750499522,"07QNZ508":0.0,"41VQV952":0.70626762496239,"60RDH027":1.2320908662325,"24WUM117":0.48778705922804,"63JUS282":0.00029214299183828,"84KPL751":0.40491356152406,"87KKN119":4.9499744766779,"29PJA302":0.35917879404415,"65GIQ763":0.035142317203628,"43CAO091":0.00018231167019904,"41VPD699":5.321794961812e-06,"01ATH061":2.8691425345511,"05WMH156":2.8588087750765,"02EYC166":0.097177535673413,"67MEQ849":6.3202896641451e-07,"41TDJ322":0.003614115819814,"05RIT780":10.439943277804,"01PCR838":0.85821638290883,"42WTR051":1.8571922480339,"81NJV898":0.063860037297611,"00COU395":0.10892683912522,"41VAO500":0.12176999210892,"HLG 262 ":0.81456082160157,"20FNY991":1.6658928101603,"44PVB067":5.0843199642375e-05,"24XWR740":0.076219045289738,"22HBX516":0.0025537128060793,"22NRQ598":0.99845276612084,"21QEN937":0.0031381600253619,"66RFE698":0.36579735936574,"42ZZG523":0.40626966208576,"23GDT218":5.3541627901739,"04JSP349":0.40230880276868,"43BYU790":2.4582465656908,"45FXM471":0.01101969191967,"67WNS782":0.16196673566605,"25THL996":1.7941583084707,"64VYF276":2.0788899412424,"23YGU449":0.089573192223955,"68SDO315":1.1294491987316,"41MGL223":1.6734922967454,"66XLH250":1.5059390402913}