{"42WTR051":1.8571922480339,"05WMH156":2.8588087750765}