{"27PQY682":3.2793183886727,"48WSL962":0.039168035390753,"09JKO840":0.070443923001587,"45FXM471":0.01101969191967,"02UDE356":0.76239418054892,"44JSA965":0.2523112824904,"67MOS216":0.28891226200801,"42WTR051":1.8571922480339,"04XDQ931":2.4759578639331,"49BTB017":4.0775668566303,"41VAO500":0.12176999210892,"25KOI345":1.0569388538744,"44VGL493":0.3412632188175,"05WMH156":2.8588087750765,"86FZI432":0.00014396635276079,"02QOD433":0.31998585070825,"25THL996":1.7941583084707,"89WHG913":2.1706582504948,"62MNM082":0.022165180975931,"41ZDE583":3.9267785959274,"43CAO091":0.00018231167019904,"85RAY132":2.7366457047442,"41TDJ322":0.003614115819814,"00COU395":0.10892683912522,"23YHP006":0.02208539025761,"85MLY943":0.94283324002748,"41DXS174":1.00539910172,"49EDF681":7.0483984446153e-05,"06WTR163":2.4011821101474,"82GNO322":3.7686930397321,"69OBS962":1.1005113020127,"22IUC792":0.40684930979329,"81NJV898":0.063860037297611,"68ITM758":0.015771395800006,"03MRK342":0.071770598657856,"47BJG623":0.3329367157924,"41KJE230":0.61119935858336,"62QFI851":0.056516877990648,"45DGQ957":0.33526557555631,"66MJE338":3.4378878743233,"83HFD459":0.045603061362759,"24WUM117":0.48778705922804,"48LSP505":0.96917510504723,"63DEX945":0.21719666875428,"46XOU931":0.14102759643703,"48CVS690":1.0740632193759,"03YYL642":0.62991672765659,"25PLX931":2.1779431521893e-05,"46IET190":9.5551144163415,"00KSY785":0.064050100709025,"64JUN748":6.4544282403631,"41MGL223":1.6734922967454,"82UAW773":0.12038764730288,"60RDH027":1.2320908662325,"81FFX788":0.039336003808305,"82MNL356":6.530897306744e-06,"65RGZ395":0.11050528026799,"85BDV951":0.19665231880841,"43SJG353":0.45744160647092,"23VGH239":8.7832264852076,"06SAD065":5.0233990619552,"05JDL507":0.22982859214765,"89VLS941":0.32455961711724,"64LQA174":0.0001166450044401,"02EYC166":0.097177535673413,"67WNS782":0.16196673566605,"08OSU548":0.293325517929,"42ZZG523":0.40626966208576,"44XYD137":6.0052173428997,"63WQV090":0.05365776338169,"08PGX261":2.9734887678153,"64VYF276":2.0788899412424,"69XBT559":1.4075856226031,"47DMT070":5.7616360111394,"23YGU449":0.089573192223955,"62IKT920":0.23672441436937,"65GIQ763":0.035142317203628,"43BYU790":2.4582465656908,"65EJD052":5.8215095611366,"26COT379":1.1435750499522,"61XQH803":1.4967993035177,"04VJA251":1.441060768019,"06TCS254":3.1713859319687e-05}