{"03GVB463":13.393064591758,"08OSU548":0.293325517929,"23YHP006":0.02208539025761,"61XQH803":1.4967993035177,"81TBF852":2.8511558054399,"48CVS690":1.0740632193759,"01GDV571":2.3137073979354,"48LSP505":0.96917510504723,"00YDS075":3.055957656252,"02EYC166":0.097177535673413,"41MGL223":1.6734922967454,"85FVO051":1.8659599147473,"88LJE994":13.22783790233,"23GDT218":5.3541627901739,"41ZDE583":3.9267785959274,"43CAO091":0.00018231167019904,"82MNL356":6.530897306744e-06,"65GIQ763":0.035142317203628,"69PAB215":0.4052922406032,"49BTB017":4.0775668566303,"06WTR163":2.4011821101474,"68ITM758":0.015771395800006,"46XOU931":0.14102759643703,"84IZV994":0.0033607199838627,"62PQB723":8.6339040884748e-05,"27PQY682":3.2793183886727,"83HFD459":0.045603061362759,"69OBS962":1.1005113020127,"63WQV090":0.05365776338169,"23YGU449":0.089573192223955,"00COU395":0.10892683912522,"02QOD433":0.31998585070825,"06SAD065":5.0233990619552,"45FXM471":0.01101969191967,"66RFE698":0.36579735936574,"85MLY943":0.94283324002748,"23VGH239":8.7832264852076,"47BJG623":0.3329367157924,"68KHM404":0.33500534509284,"42WTR051":1.8571922480339,"41TDJ322":0.003614115819814,"42ZZG523":0.40626966208576,"81FFX788":0.039336003808305,"08PGX261":2.9734887678153,"25ZUL210":0.94345598459051,"41NMT861":0.60475977435772,"22HBX516":0.0025537128060793,"62QFI851":0.056516877990648,"04XDQ931":2.4759578639331,"49EDF681":7.0483984446153e-05,"20JVH294":10.540156548647,"26QPO257":0.2869574667397,"01XRG709":0.71228801125151,"03MRK342":0.071770598657856,"67MOS216":0.28891226200801,"43EPB871":0.37700157358897,"41DXS174":1.00539910172,"43PNO067":4.4548049412668e-05,"64VYF276":2.0788899412424,"65RGZ395":0.11050528026799,"06MRB940":0.070545498747524,"45DGQ957":0.33526557555631,"66MJE338":3.4378878743233,"09JKO840":0.070443923001587,"82UAW773":0.12038764730288,"24WUM117":0.48778705922804,"44JSA965":0.2523112824904,"01OUW021":3.7835023462544,"84JDF593":0.66911071578224,"25PLX931":2.1779431521893e-05,"81NJV898":0.063860037297611,"44XYD137":6.0052173428997,"64LQA174":0.0001166450044401,"89VLS941":0.32455961711724,"63DEX945":0.21719666875428,"29VVW812":1.3688235863653,"86FZI432":0.00014396635276079,"85RAY132":2.7366457047442,"84EGM339":0.030799807093291,"84KPL751":0.40491356152406,"47ZKN905":3.3583129143341,"65EJD052":5.8215095611366,"69XBT559":1.4075856226031,"22IUC792":0.40684930979329,"05RIT780":10.439931655349,"46IET190":9.5551144163415,"60RDH027":1.2320908662325,"03YYL642":0.62991672765659,"05WMH156":2.8588087750765,"47DMT070":5.7616360111394,"80MIL779":0.0,"64JUN748":6.4544282403631,"05JDL507":0.22982859214765,"67WNS782":0.16196673566605,"SWO 046 ":3.2523617147416,"04NQR393":0.92598751388811,"43SJG353":0.45744160647092,"43BYU790":2.4582465656908,"65LPE438":0.98939563462252,"89WHG913":2.1706582504948,"03ZMZ546":0.1978985164886,"62MNM082":0.022165180975931,"26COT379":1.1435750499522,"25KOI345":1.0569388538744,"04VJA251":1.441060768019,"48WSL962":0.039168035390753,"63BQW233":0.29042677328684,"62IKT920":0.23672441436937,"06TCS254":3.1713859319687e-05,"00KSY785":0.064050100709025,"41KJE230":0.61119935858336,"82GNO322":3.7686930397321,"44VGL493":0.3412632188175,"02UDE356":0.76239418054892,"85BDV951":0.19665231880841,"25THL996":1.7941583084707,"41VAO500":0.12176999210892,"NIW 691 ":2.8680826658955,"09XVI132":2.4291305902252}