{"ADS 582 ":7.015031486767661,"44JFD315":0.0,"63TAG637":0.0,"66CDJ278":0.0,"45HKY089":0.0,"SEL 869 ":16.36273141104204,"82CWG035":0.6759798265853284,"60ZZV973":0.0,"25UAB193":0.0,"00AZP898":0.0,"04RLU001":3.966042622233374,"04AIB588":0.21067970185341096,"61YAL133":0.9704044693923,"04NQR393":0.0,"69KVT931":0.0,"28EOS483":0.7719850592469039,"00COX090":0.0,"21HRB699":14.805124876375466,"47UEK742":0.0,"65UWM584":0.0,"68GZL088":0.0,"23MWC325":0.0,"24DZN703":0.0,"05VDS454":0.6066611346396613,"25HLN037":6.82760019582503,"46HYM285":0.0,"88DPW302":0.0,"24FIH323":0.0,"45WAT185":0.0,"24YCT575":0.0,"47LLC593":1.7872378321143466,"03EQN450":0.0,"68QIQ452":8.910567835927806,"BIE 738 ":0.2188338572564524,"01WUI292":0.0,"46WLT378":0.1361927082825616,"28HNG198":0.0,"81PAE143":0.0,"62YIV730":0.0,"09TGH985":0.0,"83CBQ312":0.0,"84IIF528":2.010096147478963,"09IAN229":1.4314091574374069,"25AJG163":0.0,"85WWW390":0.00002019205635040999,"22FNC204":0.0,"45ECS288":0.0,"40POQ358":0.0,"84WJF412":0.0,"25TPZ303":0.0,"87DVH913":26.490148850758986,"67WVU491":0.0,"21GFI913":0.0,"27JQJ168":7.382070645689967e-8,"09BXM207":1.0629783906708142,"08HAS264":0.0,"45ANW837":0.0,"28NKK760":0.0,"64EWE696":0.0,"08QAU398":0.0,"04YPZ446":0.0,"85LYQ122":0.0,"02XZC316":0.0,"21TJE216":0.0,"62LVR183":0.0,"89QUK756":4.034276126124814,"69HON710":0.0,"83FZI125":0.2490621708933236,"69LAS420":0.0,"84TDD878":0.0,"29URP970":2.0786103850432489,"UML 913 ":21.291495813262384,"21QKN982":3.152807315132173,"86ZCR746":0.0,"83ZBE095":0.0,"25GDR917":0.0,"21CSZ297":3.308272289207378,"60PJD003":0.0,"22YYN339":4.549568516822384,"89GTY781":0.0,"46NHR757":0.0,"42IFC489":0.0,"08TTP699":0.0,"89FFH414":0.0,"05NDI392":0.0,"RMB 933 ":5.657108801004062,"43JZX487":0.0,"03NIH689":0.5957850632790268,"00WXH869":18.83083308690654,"22AVV884":0.0,"44YLD223":1.0265547825066422,"81OWG864":0.0,"66MQV470":0.0,"03XLF587":4.235150193592698,"80GQV056":0.0,"26ZFW482":6.811912211247893,"46QUC473":0.0,"FARM1332":0.001325895186200738,"62WLO959":0.0,"86XOR399":0.0,"27ZMU917":0.0,"64USZ727":0.0,"09UDL216":0.0,"02GKV069":0.0,"45OHC863":0.0,"09BLY336":0.0,"07IFI933":0.0,"07XLI631":0.0,"49PJI513":0.6838219612911678,"28KGJ300":0.0,"44YMA418":0.0006864050766415887,"25CLN507":0.0,"AQU 258 ":16.069675857865059,"85SUZ463":2.767034544753404,"28WCE976":1.4769617037598653,"09GBW338":0.0,"86VLE994":0.0,"80YFH413":0.0,"KBK 569 ":12.016908106328393,"88VNN544":1.757647156207542,"49KWI366":0.0,"08QWC546":0.0,"20EDB089":0.0,"47WBV663":0.0,"OEQ 284 ":1.126193318036435,"87ODK055":0.0,"63MEZ380":0.0,"41NOC897":0.0,"68FEO849":0.0,"09MMD821":0.0,"61DXG696":0.0,"65RZD839":0.0,"02KSZ880":0.0,"04RMP362":0.0,"02NSL444":0.0,"08EEL949":0.0,"69YIK088":0.2925798275057083,"26XFV224":2.2220320667849728,"83MOB803":0.0,"45UTE101":5.513860824106839,"YXG 321 ":1.4338852500507629,"65FQG816":0.0,"64RZD695":0.0,"68BZD640":0.0,"67VOX616":0.0,"82XDI722":0.03470385504873099,"60NVF655":0.0,"23LOM919":0.0,"09PNW020":0.0,"20ARB551":0.0,"07OEP011":5.533482289401478,"62MXK547":1.1755749415855406,"21RMA838":0.0,"82ILK557":0.0,"28EVQ331":0.0,"85IPU813":0.0,"46TSZ247":0.0,"45YOL522":0.0000010589571269229054,"BQA 485 ":4.286838668834689,"29WXL251":0.0,"67AWB271":0.0,"08VLD902":0.002917487477120944,"47EJS885":0.0,"27XUW792":0.0,"85PMY485":0.0,"45MBO103":0.000004013570540584624,"42JYL767":0.0,"61BGW807":0.0,"64FDF451":0.0,"ZCW 288 ":30.11535247389561,"LAA 658 ":0.40076253805470865,"85CEG825":1.1153072724890485,"44POK485":0.0,"ZTS 183 ":33.32369309900979,"42PXP040":11.03828627169516,"09MCN324":0.0,"26TLH656":0.0,"87QKN470":0.0,"87QHK842":0.00044564552177488783,"48QPQ919":2.380101197353976,"67HCH306":0.0,"27IFC425":30.62377854540016,"63OSC394":0.06981832252449534,"25AGE253":0.0,"80OWF768":0.0,"84ALD216":2.7269029572974885,"41FVR344":0.7717627302744308,"69MJT588":0.0,"DOI 127 ":7.282664027757193,"29TAK920":0.0,"01XXJ002":0.00009955946947261691,"24SPC709":0.0,"21LLN657":0.0,"42TKZ719":0.0,"26LBV382":0.0,"83VNM493":0.0,"23DSX998":0.0,"86LME326":0.00032281750441342605,"81DYT676":0.0,"83DKC406":0.0,"69GKR413":0.0,"21OII910":0.0,"27VXT760":0.0,"67LXV990":0.000003548010595142842,"08MYT899":0.0,"68RUD276":9.669920508136958,"43QZR956":0.00008142243907693777,"84EEW240":2.005862026833309,"07TUA342":0.0,"69IYJ850":0.0,"GEZ 016 ":20.00351827870626,"GGY 545 ":34.07122764249974,"GBY 729 ":0.41123928608204515,"41YRY538":0.0,"43PXR677":0.0,"63CJT530":0.0,"83TYF081":0.0,"29SVK652":0.0,"83OMA784":0.0,"63SYU014":0.0,"29VYC946":0.8388607556536031,"48MTU713":0.0,"68ANX483":0.0,"45RRD849":0.0,"27FRZ510":1.5129274193141614,"49BDR724":0.0,"27NSK528":0.0,"49ISB023":0.0,"28JEO485":0.0,"40SBT709":0.0,"89GUQ679":0.0,"65XTW572":0.0,"83WJE950":0.0,"26SSE458":0.0,"63IRL579":0.0,"02DWJ230":9.980653926142994,"44WGQ839":0.0,"07ISZ113":0.000038032663974445338,"45LAO542":2.425563050606133,"41EVL573":0.2872868255654163,"03PID416":0.0,"44OAJ761":0.0000418087357096374,"SJG 380 ":75.86611600957687,"88IDH210":0.0,"67DEI148":0.0,"23KYC433":0.0,"22GYX743":3.3817806253072106,"60SUH236":7.163283709714851,"47FOE355":0.0,"69NBW073":0.0,"24XSA364":5.300291168931173,"66VBF461":0.0,"80YCW866":0.0,"KMK 584 ":2.798688587602531,"66RWS961":0.0,"69VMD565":10.236209441856504,"04PJI297":0.0,"47TVK894":2.522066115882086,"88CYW564":0.2371913138740065,"23OUY539":0.0,"21KNZ939":0.0,"OVV 031 ":1.9290406958395295,"80DJX826":0.0,"69ZGY257":0.0,"47IYW458":0.0,"84QGG497":0.0,"25VUT425":0.0,"23DNJ722":0.39865686140338515,"07INL336":10.343487573954729,"04KJO568":0.0,"05TQR193":0.0,"23IDN766":0.0,"24TFA529":6.9386830956381859,"06YUZ637":0.0,"KRO 416 ":15.079074926460784,"42GGF550":0.857895116574679,"80SKM912":0.0,"21QNX823":0.199512153432442,"00YBF782":0.0,"65IHE825":1.977756120012778,"85XVK816":0.0,"06HID896":0.0,"80JTL461":0.0,"04GLF756":0.8986040802522323,"26USB673":13.676645597882285,"29ZGD343":0.0,"22IMX391":0.0,"02HPH286":0.3908966145367192,"42GVU307":0.5105862880083746,"61JOP180":0.0,"46CSK837":6.026339816965088,"45QED535":0.0,"21NTO973":0.0,"24DEA197":0.0,"86WUL053":0.00001149204472079873,"LFK 671 ":12.560820139053686,"COJ 421 ":5.846357277937061,"06VBG175":0.0,"07FLT013":3.0688826693412154,"42SKC673":0.0,"04ORL883":0.0,"06JKV442":0.0,"69WOT752":0.00003826042613200843,"TOT 695 ":4.035207953886915,"IKW 537 ":10.441033384180422,"07TNI760":0.27578104022407176,"23IQE494":0.0,"28RBS267":1.5463343884893644,"85LQD783":0.6935597126240067,"40OGQ656":1.7244823814386928,"83TWS886":0.000034679347481578586,"02YFY211":0.10816242523384792,"64HGP392":0.0,"43OCZ112":8.920843230397099,"64WRI474":0.0,"09FCT633":2.4260592731537686,"64PGZ454":0.0,"AGI 463 ":7.0201654349228239,"27LVW563":0.21906573038779746,"60IOT144":0.0,"48WUW875":2.1816904711082136,"21UZV669":0.0,"68AGA232":0.0,"61TWU311":7.988954549740873,"64DSB105":4.86296933144331e-7,"64MSG607":0.0,"89RHK843":0.00022167535708844666,"84PXX229":9.88064607123656,"42DRL740":34.338402030117489,"68CXA074":0.0,"88BRG258":0.0,"46DTT868":0.0,"86GPG796":0.0,"40VXP468":2.52471875237056,"23ZRI779":0.008287792902924123,"06HTT502":0.0,"47JWH750":1.0849802224767769,"01BCR067":0.0,"66XJU507":0.0,"43ROS132":8.572098396337428,"87JPA783":0.0,"48HAO954":2.9386322906223398,"83AUK547":0.0,"29VEF248":0.0000842625767982099,"69YON101":0.0,"09GEX266":0.0,"07VIA999":0.0003701370478905735,"43XTP197":0.0,"82GYC739":1.5707195064897244,"27HKN812":0.0,"65KGW913":7.293432973272855,"06ZNA746":1.8015048435036485,"YMG 626 ":4.54100194238945,"61ZMS083":0.0,"09JDO882":0.7963443420079321,"XTL 542 ":1.6372860457573136,"26PZF173":1.1870600847789357,"26GQX444":3.309787515838947,"20UWO268":0.0,"25FQV203":0.0,"HXK 145 ":24.67225655908469,"62EQE309":0.013315338774953037,"26RUX067":1.7783686313992174,"64GNM194":0.06534759592667973,"84HTN481":0.00003272712268307806,"83PSJ678":0.0,"82JAF410":0.0,"83JDX824":2.2542606789829384,"48ETI854":0.0,"20DVN975":0.0,"89OWL668":0.0,"00XSJ767":0.0,"66ELH880":0.0,"FARM1950":0.00006309550662338736,"87VYZ278":0.0,"05TLE998":8.872186166814823,"ABAT561 ":0.00004980447231366996,"88CBY492":1.706294805430752,"05MIO309":0.0,"03LYZ028":0.0,