{"65GIQ763":0.03514231720362809,"89WHG913":2.170658250494834,"23YHP006":0.02208539025760999,"43CAO091":0.00018231167019903664,"69OBS962":1.1005113020127074,"66MJE338":3.437887874323268,"89VLS941":0.3245596171172428,"05JDL507":0.229828592147654,"64JUN748":6.454428240363094,"03YYL642":0.6299167276565946,"85BDV951":0.19665231880840668,"26COT379":1.1435750499522009,"64VYF276":2.078889941242415,"27PQY682":3.2793183886726529,"43BYU790":2.4582465656907948,"60RDH027":1.2320908662324644,"41MGL223":1.6734922967454285,"00COU395":0.10892683912521609,"63WQV090":0.053657763381689777,"45FXM471":0.011019691919669509,"04VJA251":1.4410607680190158,"82GNO322":3.7686930397320634,"06SAD065":5.023399061955175,"06WTR163":2.4011821101473749,"47DMT070":5.761636011139384,"44VGL493":0.3412632188175023,"45DGQ957":0.33526557555630628,"64LQA174":0.000116645004440099,"49EDF681":0.00007048398444615302,"23VGH239":8.783226485207571,"24WUM117":0.4877870592280356,"61XQH803":1.4967993035177017,"62QFI851":0.05651687799064815,"41VAO500":0.12176999210892428,"03MRK342":0.07177059865785585,"85RAY132":2.736645704744221,"83HFD459":0.04560306136275922,"41KJE230":0.611199358583361,"49BTB017":4.077566856630289,"42ZZG523":0.4062696620857606,"62IKT920":0.2367244143693691,"85MLY943":0.9428332400274802,"02QOD433":0.3199858507082462,"63DEX945":0.21719666875428343,"25PLX931":0.00002177943152189255,"65RGZ395":0.11050528026798744,"41TDJ322":0.0036141158198139814,"81NJV898":0.06386003729761136,"47BJG623":0.3329367157924019,"82UAW773":0.12038764730287721,"44JSA965":0.25231128249040266,"09JKO840":0.07044392300158743,"41ZDE583":3.9267785959273797,"68ITM758":0.015771395800005643,"81FFX788":0.03933600380830513,"00KSY785":0.06405010070902483,"65EJD052":5.821509561136613,"46IET190":9.55511441634154,"44XYD137":6.00521734289973,"43SJG353":0.4574416064709237,"67MOS216":0.28891226200801126,"25THL996":1.7941583084706548,"08OSU548":0.29332551792900066,"42WTR051":1.8571922480339,"48WSL962":0.03916803539075328,"08PGX261":2.9734887678152925,"67WNS782":0.16196673566604972,"69XBT559":1.4075856226031214,"46XOU931":0.14102759643702957,"02EYC166":0.09717753567341339,"04XDQ931":2.47595786393311,"48CVS690":1.0740632193759466,"05WMH156":2.8588087750765,"25KOI345":1.0569388538744003,"62MNM082":0.022165180975930768,"23YGU449":0.08957319222395492,"22IUC792":0.4068493097932949}