{"04NQR393":0.9259875138881052,"67RTR294":7.975182995270117,"64JUN748":6.4544282403631,"20JVH294":10.540156548646673,"48CVS690":1.0740632193759,"86FZI432":0.00014396635276079,"00KSY785":0.064050100709025,"43SJG353":0.45744160647092,"00YDS075":3.055957656252,"69XBT559":1.4075856226031,"02UDE356":0.76239418054892,"23GDT218":5.354162790173926,"87HRC815":0.00007736107270047066,"65GIQ763":0.035142317203628,"62MNM082":0.022165180975931,"85BDV951":0.19665231880841,"SWO 046 ":3.2523617147416159,"45FXM471":0.01101969191967,"65EJD052":5.8215095611366,"67FBJ313":1.3249910212796324,"02QOD433":0.31998585070825,"41KJE230":0.61119935858336,"43BYU790":2.4582465656908,"03GVB463":13.393064591758194,"00COU395":0.10892683912522,"80MIL779":0.0,"67WNS782":0.16196673566605,"23YHP006":0.02208539025761,"61XQH803":1.4967993035177,"26COT379":1.1435750499522,"25PLX931":0.000021779431521893,"03ZMZ546":0.19789851648859856,"05RIT780":10.439943277803528,"66KBJ304":4.057509286893765,"63DEX945":0.21719666875428,"01PCR838":0.8582163829088293,"44VGL493":0.3412632188175,"09JKO840":0.070443923001587,"23YGU449":0.089573192223955,"25THL996":1.7941583084707,"04XDQ931":2.4759578639331,"81TBF852":2.8511558054398637,"62QFI851":0.056516877990648,"02EYC166":0.097177535673413,"88LJE994":13.22783790233017,"23ZQC608":0.10045804205342196,"42WTR051":1.8571922480339,"89YOP549":0.3761684369726252,"46IET190":9.5551144163415,"08OSU548":0.293325517929,"41ZDE583":3.9267785959274,"06WTR163":2.4011821101474,"25KOI345":1.0569388538744,"49BTB017":4.0775668566303,"24WUM117":0.48778705922804,"81FFX788":0.039336003808305,"82MNL356":0.000006530897306744,"01OUW021":3.7835023462544035,"06SAD065":5.0233990619552,"63WQV090":0.05365776338169,"47OPG020":0.00457072238971945,"NIW 691 ":2.868082665895489,"44JSA965":0.2523112824904,"06TCS254":0.000031713859319687,"68ITM758":0.015771395800006,"05JDL507":0.22982859214765,"43CAO091":0.00018231167019904,"49EDF681":0.000070483984446153,"41VAO500":0.12176999210892,"03YYL642":0.62991672765659,"41DXS174":1.00539910172,"65LPE438":0.9893956346225155,"83HFD459":0.045603061362759,"87KKN119":4.949974476677903,"66MPJ759":3.8224625587463379e-7,"43PNO067":0.00004454804941266775,"03MRK342":0.071770598657856,"25ZUL210":0.9434559845905054,"04PJI297":6.21867818075634,"22IUC792":0.40684930979329,"64VYF276":2.0788899412424,"63DFL965":1.3454568870809798,"00YUQ308":0.58068339838846,"47BJG623":0.3329367157924,"20OAL295":0.24611120559885089,"66PIX982":0.7230434699539644,"62IKT920":0.23672441436937,"41TDJ322":0.003614115819814,"25JTF914":0.2741152212273568,"89VLS941":0.32455961711724,"80WXM377":0.000058910740481922449,"41MGL223":1.6734922967454,"26QPO257":0.2869574667397002,"27PQY682":3.2793183886727,"60RDH027":1.2320908662325,"81NJV898":0.063860037297611,"68SDO315":1.1294491987316238,"85FVO051":1.865959914747279,"89WHG913":2.1706582504948,"66MJE338":3.4378878743233,"47ZKN905":3.3583129143341345,"06MRB940":0.07054549874752386,"66RFE698":0.3657973593657351,"05WMH156":2.8588087750765,"85RAY132":2.7366457047442,"29VVW812":1.368823586365346,"84JDF593":0.6691107157822397,"65RGZ395":0.11050528026799,"01XRG709":0.7122880112515071,"44XYD137":6.0052173428997,"08PGX261":2.9734887678153,"67MOS216":0.28891226200801,"82UAW773":0.12038764730288,"23VGH239":8.7832264852076,"82GNO322":3.7686930397321,"01GDV571":2.313707397935412,"43HGS845":1.8464103287415413,"84KPL751":0.4049135615240563,"41NMT861":0.604759774357725,"43EPB871":0.3770015735889674,"47DMT070":5.7616360111394,"63BQW233":0.2904267732868415,"04VJA251":1.441060768019,"42ZZG523":0.40626966208576,"22HBX516":0.002553712806079303,"45DGQ957":0.33526557555631,"48WSL962":0.039168035390753,"46XOU931":0.14102759643703,"69PAB215":0.40529224060320259,"85MLY943":0.94283324002748,"48LSP505":0.96917510504723,"64LQA174":0.0001166450044401,"68KHM404":0.3350053450928406,"09XVI132":2.4291305902252184,"46HZF516":1.9389384101288996,"69OBS962":1.1005113020127}